player_id,progressive_passes,total_passes,progressive_pass_pct,final_third_entries,defensive_actions,defensive_actions_per90,total_onball_events,inaccurate_events,dangerous_losses,inaccurate_rate,dangerous_loss_rate
61988,216,1028,0.2101167315175097,134,105.0,6.217105263157895,1479,320,2,0.2163624070317782,0.0013522650439486
70389,322,1378,0.2336719883889695,148,193.0,6.210225241329996,2491,659,4,0.2645523885989562,0.0016057808109193
283142,73,595,0.1226890756302521,51,67.0,3.565937315198108,1255,335,0,0.2669322709163346,0.0
265366,324,1562,0.2074263764404609,168,349.0,10.716479017400204,2809,726,3,0.2584549661801353,0.001067995728017
8116,120,822,0.145985401459854,45,78.0,3.611111111111111,1554,417,2,0.2683397683397683,0.0012870012870012
350976,181,920,0.1967391304347826,81,142.0,6.816000000000001,1910,493,4,0.2581151832460733,0.0020942408376963
14853,238,901,0.2641509433962264,98,177.0,8.296875,1756,475,0,0.270501138952164,0.0
8032,230,1368,0.1681286549707602,77,200.0,6.293706293706293,2508,593,4,0.2364433811802233,0.0015948963317384
15215,424,1330,0.318796992481203,84,313.0,8.538951197332525,2318,530,0,0.2286453839516825,0.0
16122,39,335,0.1164179104477611,19,50.0,3.363228699551569,820,241,0,0.2939024390243902,0.0
8745,11,44,0.25,1,3.0,4.029850746268656,58,9,0,0.1551724137931034,0.0
8186,198,543,0.3646408839779005,49,123.0,7.714285714285714,905,211,2,0.2331491712707182,0.0022099447513812
8903,67,400,0.1675,23,52.0,2.4618621778011573,1222,477,0,0.3903436988543372,0.0
235555,155,686,0.2259475218658892,65,104.0,4.992,1555,347,1,0.2231511254019292,0.0006430868167202
25865,12,127,0.0944881889763779,4,7.0,1.3375796178343948,381,121,0,0.3175853018372703,0.0
49872,228,1059,0.2152974504249291,120,65.0,1.9174041297935105,2136,571,5,0.2673220973782771,0.0023408239700374
7932,267,1005,0.2656716417910448,117,122.0,4.939271255060729,1554,395,6,0.2541827541827541,0.0038610038610038
8516,133,417,0.3189448441247002,74,126.0,10.071047957371226,960,264,0,0.275,0.0
70092,277,1019,0.2718351324828263,136,163.0,7.291252485089464,1517,326,0,0.2148978246539222,0.0
10108,150,513,0.2923976608187134,47,141.0,8.8125,987,296,1,0.2998986828774063,0.0010131712259371
12242,449,624,0.719551282051282,183,81.0,2.341040462427745,1496,248,0,0.1657754010695187,0.0
9206,23,336,0.0684523809523809,16,35.0,1.931330472103004,1076,397,0,0.3689591078066914,0.0
9123,52,409,0.1271393643031785,22,61.0,2.5475638051044087,1594,655,0,0.4109159347553325,0.0
8277,482,2316,0.2081174438687392,285,172.0,5.464172255559477,3388,486,9,0.1434474616292798,0.0026564344746162
11066,128,1174,0.1090289608177172,60,76.0,2.638888888888889,2184,486,1,0.2225274725274725,0.0004578754578754
8317,474,2382,0.198992443324937,254,83.0,3.060221220811143,3256,473,1,0.1452702702702702,0.0003071253071253
8464,306,1584,0.1931818181818181,184,100.0,5.154639175257732,2250,222,1,0.0986666666666666,0.0004444444444444
397178,62,586,0.1058020477815699,30,58.0,2.89196675900277,1327,388,0,0.292388847023361,0.0
7964,529,1991,0.2656956303365143,292,185.0,7.665745856353591,2546,444,2,0.1743912018853103,0.0007855459544383
25393,573,1709,0.3352837916910474,117,172.0,7.357414448669202,2318,337,2,0.1453839516824849,0.0008628127696289
7868,175,846,0.2068557919621749,107,111.0,5.78125,1604,373,0,0.2325436408977556,0.0
340,185,829,0.2231604342581423,67,214.0,10.524590163934429,1651,438,0,0.2652937613567535,0.0
222220,304,1493,0.203616878767582,159,125.0,5.790015440041174,2159,414,2,0.191755442334414,0.000926354793886
3802,333,1461,0.2279260780287474,178,89.0,3.3126550868486357,2605,548,3,0.2103646833013435,0.001151631477927
8955,12,75,0.16,4,9.0,3.056603773584905,182,65,0,0.3571428571428571,0.0
3560,517,1694,0.3051948051948052,178,165.0,6.620597414177442,2419,391,4,0.1616370400992145,0.0016535758577924
49876,795,2974,0.2673167451244115,452,222.0,6.117575015309247,4060,710,10,0.1748768472906404,0.0024630541871921
3319,389,1790,0.2173184357541899,238,67.0,2.7890841813135987,2540,428,6,0.168503937007874,0.0023622047244094
167145,259,1877,0.137986148108684,108,194.0,5.722713864306785,3040,638,10,0.2098684210526315,0.0032894736842105
7945,42,368,0.1141304347826086,12,61.0,4.629005059021923,814,197,1,0.242014742014742,0.0012285012285012
215983,106,550,0.1927272727272727,45,57.0,4.232673267326732,1206,327,0,0.2711442786069651,0.0
339789,209,744,0.2809139784946236,102,151.0,10.111607142857142,1422,350,4,0.2461322081575246,0.0028129395218002
3436,141,541,0.2606284658040665,45,107.0,5.474701534963047,1254,312,1,0.2488038277511961,0.0007974481658692
8826,134,179,0.7486033519553073,22,21.0,2.1,417,65,0,0.1558752997601918,0.0
12829,48,409,0.1173594132029339,19,52.0,1.4382298709280883,1301,468,0,0.3597232897770945,0.0
293686,53,306,0.1732026143790849,18,60.0,4.724409448818898,758,253,1,0.3337730870712401,0.0013192612137203
134102,561,1539,0.3645224171539961,115,325.0,8.723531166119892,2537,565,5,0.2227039810800157,0.0019708316909735
9277,425,1241,0.3424657534246575,91,288.0,9.370932754880696,2150,536,9,0.2493023255813953,0.0041860465116279
9279,448,1535,0.2918566775244299,141,250.0,8.178844056706652,2647,669,4,0.252738949754439,0.0015111446921042
302518,341,1184,0.2880067567567567,187,165.0,6.6353887399463805,1976,461,5,0.2332995951417004,0.0025303643724696
8726,411,612,0.6715686274509803,22,74.0,1.947368421052632,1415,203,3,0.1434628975265017,0.0021201413427561
8296,13,122,0.1065573770491803,8,15.0,1.2442396313364057,408,148,0,0.3627450980392157,0.0
16436,72,428,0.1682242990654205,24,73.0,5.156985871271586,936,250,3,0.2670940170940171,0.0032051282051282
61390,474,645,0.7348837209302326,85,34.0,0.8947368421052632,1445,199,1,0.1377162629757785,0.0006920415224913
3278,280,996,0.2811244979919678,87,137.0,6.113039167079822,1616,336,3,0.2079207920792079,0.0018564356435643
255935,14,118,0.1186440677966101,9,13.0,3.811074918566776,261,82,0,0.3141762452107279,0.0
3657,13,161,0.0807453416149068,6,26.0,2.769230769230769,559,198,0,0.3542039355992844,0.0
91381,68,522,0.1302681992337164,25,79.0,3.5764587525150904,1143,317,1,0.2773403324584427,0.0008748906386701
3577,72,673,0.1069836552748885,42,87.0,2.8206051873198845,2312,816,0,0.3529411764705882,0.0
77557,28,165,0.1696969696969697,12,22.0,4.703087885985748,324,112,0,0.345679012345679,0.0
5281,190,829,0.2291917973462002,52,160.0,6.239168110918544,1748,443,3,0.2534324942791762,0.0017162471395881
246866,512,1649,0.3104912067919951,130,277.0,7.2894736842105265,2539,529,5,0.2083497439936983,0.0019692792437967
25571,57,795,0.0716981132075471,27,137.0,4.192451547092825,2330,660,2,0.2832618025751073,0.0008583690987124
210044,648,2147,0.3018164881229622,301,213.0,6.781039971701451,2948,498,7,0.1689280868385346,0.0023744911804613
11152,336,1365,0.2461538461538461,227,122.0,5.815677966101695,2151,303,4,0.1408647140864714,0.00185960018596
48,824,2370,0.3476793248945147,284,282.0,7.921348314606742,3393,498,2,0.1467727674624226,0.0005894488653109
136441,312,1349,0.2312824314306894,145,142.0,5.501506672406372,2370,537,2,0.2265822784810126,0.00084388185654
25804,124,852,0.1455399061032863,60,65.0,4.19956927494616,1298,255,0,0.1964560862865947,0.0
3424,9,75,0.12,3,8.0,3.185840707964602,193,64,0,0.3316062176165803,0.0
41174,261,1178,0.2215619694397283,138,82.0,3.60880195599022,1886,383,2,0.2030752916224814,0.0010604453870625
8561,319,1245,0.2562248995983935,147,167.0,6.252079866888519,1975,422,1,0.2136708860759493,0.000506329113924
22889,70,545,0.128440366972477,17,63.0,4.772727272727273,1112,243,0,0.2185251798561151,0.0
26610,22,171,0.1286549707602339,8,19.0,1.6041275797373358,629,257,0,0.4085850556438791,0.0
8325,63,609,0.1034482758620689,29,29.0,1.326219512195122,1296,305,1,0.2353395061728395,0.0007716049382716
70083,230,1115,0.2062780269058296,122,81.0,5.432190760059612,1572,219,4,0.1393129770992366,0.0025445292620865
268776,476,1248,0.3814102564102564,179,250.0,8.928571428571429,2110,472,2,0.2236966824644549,0.0009478672985781
26495,226,804,0.2810945273631841,78,179.0,7.198391420911528,1666,443,5,0.265906362545018,0.003001200480192
237268,3,14,0.2142857142857142,1,2.0,13.846153846153848,24,8,0,0.3333333333333333,0.0
9280,115,510,0.2254901960784313,45,116.0,9.36322869955157,1070,290,0,0.2710280373831775,0.0
10252,126,763,0.1651376146788991,60,118.0,5.1931540342298295,1283,297,2,0.2314886983632112,0.0015588464536243
257762,633,1803,0.3510815307820299,139,184.0,6.441073512252042,2502,389,3,0.1554756195043964,0.001199040767386
8314,235,876,0.2682648401826484,134,124.0,5.797402597402598,1413,368,3,0.2604387827317763,0.0021231422505307
8221,187,707,0.2644978783592644,80,146.0,8.131188118811881,1423,384,0,0.2698524244553759,0.0
8301,227,322,0.7049689440993789,53,26.0,1.368421052631579,726,141,1,0.1942148760330578,0.0013774104683195
8935,36,51,0.7058823529411765,5,3.0,1.0,108,22,0,0.2037037037037037,0.0
3326,15,151,0.0993377483443708,6,15.0,2.227722772277228,364,114,1,0.3131868131868132,0.0027472527472527
7961,67,251,0.2669322709163346,37,35.0,6.759656652360515,418,151,1,0.361244019138756,0.0023923444976076
9293,78,492,0.1585365853658536,24,45.0,4.1075050709939145,846,209,1,0.2470449172576832,0.0011820330969267
8245,270,934,0.2890792291220557,93,217.0,9.45762711864407,1521,380,2,0.249835634451019,0.0013149243918474
134351,10,121,0.0826446280991735,6,19.0,3.2082551594746715,384,132,0,0.34375,0.0
7970,29,183,0.1584699453551912,17,19.0,2.1137206427688504,621,204,0,0.3285024154589372,0.0
442211,18,81,0.2222222222222222,14,9.0,3.6986301369863015,187,57,0,0.3048128342245989,0.0
8142,44,228,0.1929824561403508,24,26.0,4.098073555166375,418,100,1,0.2392344497607655,0.0023923444976076
9380,434,1204,0.3604651162790697,77,68.0,4.689655172413793,1459,98,1,0.0671692940370116,0.0006854009595613
7918,329,1057,0.3112582781456953,66,172.0,7.837974683544305,1551,228,2,0.1470019342359768,0.0012894906511927
20505,18,134,0.1343283582089552,11,8.0,1.6143497757847534,429,135,0,0.3146853146853147,0.0
9532,9,86,0.1046511627906976,1,7.0,1.3016528925619837,247,92,1,0.3724696356275304,0.0040485829959514
370224,177,574,0.3083623693379791,47,85.0,9.329268292682928,842,152,5,0.180522565320665,0.005938242280285
261,8,67,0.1194029850746268,3,4.0,1.4754098360655736,121,39,1,0.3223140495867768,0.0082644628099173
245813,30,169,0.1775147928994082,14,22.0,3.413793103448276,500,197,2,0.394,0.004
77550,27,128,0.2109375,14,12.0,3.5294117647058822,200,39,0,0.195,0.0
8627,66,230,0.2869565217391304,29,43.0,8.449781659388647,386,107,0,0.2772020725388601,0.0
15301,1,3,0.3333333333333333,0,2.0,10.588235294117649,11,4,0,0.3636363636363636,0.0
212651,2,16,0.125,3,0.0,0.0,38,8,0,0.2105263157894736,0.0
240559,49,152,0.3223684210526316,23,29.0,5.972540045766591,249,67,0,0.2690763052208835,0.0
303357,59,332,0.1777108433734939,26,92.0,10.866141732283465,653,180,0,0.2756508422664624,0.0
21095,35,196,0.1785714285714285,15,44.0,8.939051918735892,397,96,0,0.2418136020151133,0.0
8374,21,90,0.2333333333333333,10,7.0,3.058252427184466,145,27,0,0.1862068965517241,0.0
3557,21,55,0.3818181818181818,10,10.0,9.278350515463918,94,24,0,0.2553191489361702,0.0
26136,34,216,0.1574074074074074,24,24.0,5.983379501385041,371,86,1,0.2318059299191374,0.0026954177897574
77541,25,96,0.2604166666666667,8,9.0,5.1265822784810124,157,32,0,0.2038216560509554,0.0
26307,710,2020,0.3514851485148514,180,226.0,6.647058823529412,2850,375,4,0.131578947368421,0.0014035087719298
3788,424,1498,0.2830440587449933,115,143.0,6.105313092979127,2064,306,3,0.1482558139534883,0.001453488372093
5472,555,1362,0.4074889867841409,170,298.0,8.277777777777779,2120,465,3,0.2193396226415094,0.0014150943396226
3568,213,887,0.2401352874859075,120,126.0,6.129729729729729,1632,377,1,0.2310049019607843,0.0006127450980392
3719,360,508,0.7086614173228346,53,49.0,1.4411764705882353,1209,189,0,0.1563275434243176,0.0
3358,92,691,0.1331403762662807,40,76.0,4.054534676941316,1183,288,6,0.2434488588334742,0.0050718512256973
408293,28,153,0.1830065359477124,15,21.0,4.960629921259843,356,94,2,0.2640449438202247,0.0056179775280898
447821,33,280,0.1178571428571428,17,59.0,3.327067669172932,1107,429,0,0.3875338753387534,0.0
3476,653,2417,0.2701696317749276,340,187.0,5.930232558139535,3197,433,6,0.1354394745073506,0.0018767594619956
3269,387,2089,0.1852561033987554,155,210.0,6.887755102040817,3068,511,6,0.1665580182529335,0.0019556714471968
7860,211,604,0.3493377483443708,38,71.0,6.277013752455796,808,91,0,0.1126237623762376,0.0
15008,570,921,0.6188925081433225,5,60.0,1.6216216216216215,1460,161,2,0.1102739726027397,0.0013698630136986
4879,44,206,0.2135922330097087,16,21.0,3.9539748953974896,402,83,1,0.2064676616915423,0.0024875621890547
4256,34,249,0.1365461847389558,16,29.0,5.761589403973511,405,105,0,0.2592592592592592,0.0
211885,67,342,0.195906432748538,37,34.0,4.864864864864865,597,117,2,0.1959798994974874,0.0033500837520938
239843,37,281,0.1316725978647686,17,30.0,2.9735682819383262,664,194,0,0.2921686746987952,0.0
228902,105,632,0.1661392405063291,40,79.0,2.2869089739466064,2003,711,1,0.3549675486769845,0.000499251123315
4361,244,997,0.2447342026078234,86,127.0,7.294192724952138,1425,221,2,0.1550877192982456,0.0014035087719298
3797,285,1169,0.243798118049615,138,259.0,9.46791226645004,2232,621,6,0.2782258064516129,0.0026881720430107
341752,41,165,0.2484848484848484,23,26.0,8.897338403041825,255,46,0,0.1803921568627451,0.0
3916,379,1219,0.3109105824446267,59,166.0,7.900581702802749,1762,277,5,0.1572077185017026,0.0028376844494892
3338,498,1574,0.3163913595933926,96,205.0,6.879194630872483,2259,334,2,0.1478530323151837,0.0008853474988933
302550,80,441,0.1814058956916099,35,41.0,3.8760504201680672,775,212,0,0.2735483870967742,0.0
364860,560,2338,0.2395209580838323,225,313.0,8.726765799256505,3558,561,8,0.1576728499156829,0.0022484541877459
20623,76,490,0.1551020408163265,44,52.0,4.119718309859155,961,250,1,0.2601456815816857,0.0010405827263267
3695,504,1390,0.3625899280575539,110,229.0,7.106896551724138,2115,446,1,0.2108747044917257,0.0004728132387706
4593,129,375,0.344,55,80.0,9.0,568,136,0,0.2394366197183098,0.0
344140,95,553,0.1717902350813743,40,148.0,4.616984402079723,1747,594,3,0.340011448196909,0.001717229536348
3974,340,1123,0.3027604630454141,164,242.0,7.443609022556391,2566,691,1,0.2692907248636009,0.000389711613406
4488,382,1647,0.2319368548876745,192,295.0,8.409882800126702,3008,715,6,0.2376994680851064,0.0019946808510638
3441,448,1609,0.2784338098197638,229,202.0,7.746058798466127,2384,475,1,0.199244966442953,0.0004194630872483
7585,233,914,0.2549234135667396,133,209.0,7.715340442986054,1958,568,3,0.2900919305413687,0.001532175689479
70273,308,460,0.6695652173913044,30,28.0,0.7567567567567568,1067,157,0,0.1471415182755389,0.0
69409,104,683,0.1522693997071742,37,129.0,7.027845036319613,1374,373,1,0.2714701601164483,0.0007278020378457
3433,437,1145,0.3816593886462882,74,211.0,7.438307873090482,1889,365,3,0.193223928004235,0.0015881418740074
3423,173,791,0.2187104930467762,81,87.0,3.366294067067928,1594,478,3,0.2998745294855709,0.0018820577164366
254408,125,857,0.14585764294049,56,114.0,4.525805028672254,1959,585,4,0.2986217457886677,0.0020418580908626
20436,314,1202,0.2612312811980033,151,204.0,7.552447552447552,2283,699,6,0.3061760840998686,0.0026281208935611
4805,566,1446,0.3914246196403873,215,238.0,8.884280381584405,2247,467,4,0.207832665776591,0.0017801513128615
250885,59,432,0.136574074074074,32,52.0,3.0232558139534884,1073,345,0,0.3215284249767008,0.0
4048,32,348,0.0919540229885057,21,43.0,2.91196388261851,995,333,0,0.3346733668341708,0.0
293862,58,322,0.1801242236024844,25,46.0,4.335078534031414,723,205,3,0.2835408022130014,0.0041493775933609
25623,403,1506,0.2675962815405046,191,252.0,8.626854317230887,2603,497,11,0.1909335382251248,0.0042258932001536
240445,68,383,0.1775456919060052,30,48.0,4.0037071362372565,853,262,0,0.3071512309495897,0.0
140046,515,731,0.7045143638850889,188,86.0,2.388888888888889,1403,280,1,0.1995723449750534,0.0007127583749109
5290,118,537,0.2197392923649906,55,78.0,6.0,878,212,3,0.2414578587699316,0.0034168564920273
3503,147,764,0.1924083769633507,85,153.0,5.227790432801823,2004,706,0,0.3522954091816367,0.0
3421,150,749,0.2002670226969292,77,98.0,5.313253012048193,1284,311,1,0.2422118380062305,0.0007788161993769
3290,53,426,0.1244131455399061,33,33.0,1.3846153846153846,1215,391,2,0.3218106995884773,0.0016460905349794
3685,49,181,0.2707182320441988,12,11.0,2.654155495978552,398,82,0,0.2060301507537688,0.0
344075,82,504,0.1626984126984127,36,104.0,6.39344262295082,1193,373,1,0.3126571668063705,0.0008382229673093
213124,232,652,0.3558282208588957,59,162.0,7.016361886429259,1079,276,4,0.2557924003707136,0.0037071362372567
3330,257,360,0.7138888888888889,40,45.0,1.7307692307692308,924,155,0,0.1677489177489177,0.0
40800,56,317,0.1766561514195583,38,26.0,4.474187380497132,505,123,2,0.2435643564356435,0.0039603960396039
3496,382,917,0.4165757906215921,115,217.0,8.05360824742268,1494,331,2,0.2215528781793842,0.001338688085676
14852,346,1273,0.2717989002356638,164,218.0,8.413379073756433,2418,510,3,0.2109181141439206,0.0012406947890818
20823,178,844,0.2109004739336493,80,78.0,3.8069414316702814,1708,481,0,0.281615925058548,0.0
3539,26,196,0.1326530612244898,11,33.0,5.846456692913385,476,148,1,0.3109243697478991,0.0021008403361344
3346,610,2068,0.2949709864603481,281,178.0,6.161538461538462,2866,397,10,0.1385205861828332,0.0034891835310537
412897,72,455,0.1582417582417582,32,68.0,5.354330708661418,1045,300,2,0.2870813397129186,0.0019138755980861
259524,44,178,0.247191011235955,14,33.0,6.971830985915493,347,78,0,0.2247838616714697,0.0
167119,13,86,0.1511627906976744,7,23.0,5.564516129032257,238,79,0,0.3319327731092437,0.0
3384,315,1420,0.2218309859154929,172,119.0,4.730565371024735,2196,429,7,0.1953551912568306,0.0031876138433515
388832,3,21,0.1428571428571428,2,2.0,8.571428571428571,28,6,0,0.2142857142857142,0.0
279545,210,907,0.2315325248070562,72,183.0,7.530864197530864,1778,376,2,0.2114735658042744,0.0011248593925759
3576,28,341,0.0821114369501466,11,39.0,2.3572867696440563,804,225,1,0.2798507462686567,0.0012437810945273
43051,231,1025,0.2253658536585366,127,192.0,7.221061429168408,2210,666,6,0.3013574660633484,0.0027149321266968
282441,125,348,0.3591954022988505,17,46.0,6.571428571428571,495,73,0,0.1474747474747474,0.0
26084,66,298,0.2214765100671141,30,56.0,9.333333333333334,536,124,0,0.2313432835820895,0.0
4498,133,944,0.1408898305084746,54,84.0,4.53781512605042,1677,362,4,0.2158616577221228,0.0023852116875372
3563,317,1524,0.208005249343832,162,40.0,2.028169014084507,2394,394,2,0.164578111946533,0.0008354218880534
3538,96,424,0.2264150943396226,42,102.0,8.375912408759124,893,253,2,0.2833146696528555,0.0022396416573348
91122,28,154,0.1818181818181818,15,21.0,6.217105263157895,265,59,1,0.2226415094339622,0.0037735849056603
4348,126,183,0.6885245901639344,8,19.0,1.5213523131672595,403,41,0,0.1017369727047146,0.0
400558,8,47,0.1702127659574468,2,3.0,3.103448275862069,82,28,1,0.3414634146341463,0.0121951219512195
278288,285,937,0.304162219850587,77,143.0,8.053817271589487,1502,301,2,0.2003994673768309,0.0013315579227696
209012,181,764,0.2369109947643979,66,113.0,6.227801592161665,1430,326,0,0.2279720279720279,0.0
278383,30,130,0.2307692307692307,6,17.0,2.791970802919708,390,144,1,0.3692307692307692,0.0025641025641025
499843,8,51,0.1568627450980392,1,5.0,4.838709677419354,77,14,0,0.1818181818181818,0.0
85113,293,892,0.3284753363228699,86,99.0,5.593220338983051,1386,230,1,0.1659451659451659,0.0007215007215007
225946,12,141,0.0851063829787234,8,14.0,1.487603305785124,432,133,0,0.3078703703703703,0.0
20808,119,476,0.25,14,125.0,7.995735607675907,869,204,1,0.2347525891829689,0.001150747986191
167117,9,38,0.2368421052631578,5,3.0,7.9411764705882355,62,15,0,0.2419354838709677,0.0
4936,78,428,0.1822429906542056,33,71.0,8.887343532684284,795,165,0,0.2075471698113207,0.0
399673,20,131,0.1526717557251908,10,27.0,5.771971496437054,240,73,1,0.3041666666666666,0.0041666666666666
70451,365,1258,0.2901430842607313,121,198.0,6.796338672768879,2441,584,5,0.2392462105694387,0.0020483408439164
8200,455,1720,0.2645348837209302,208,139.0,5.645306859205776,2312,290,0,0.1254325259515571,0.0
25452,69,308,0.224025974025974,29,68.0,7.445255474452555,644,153,0,0.2375776397515528,0.0
364870,41,134,0.3059701492537313,13,44.0,9.04109589041096,323,90,2,0.2786377708978328,0.0061919504643962
3704,131,489,0.2678936605316973,83,86.0,6.423236514522821,882,232,0,0.2630385487528344,0.0
5907,15,80,0.1875,2,7.0,4.344827586206897,118,22,0,0.1864406779661017,0.0
50272,5,47,0.1063829787234042,2,11.0,2.647058823529412,195,68,0,0.3487179487179487,0.0
394,393,1177,0.3338997451146984,107,213.0,8.116003386960204,1843,364,3,0.1975040694519804,0.0016277807921866
20429,373,1027,0.3631937682570594,50,176.0,7.655872402126632,1513,278,3,0.1837409120951751,0.0019828155981493
25421,487,813,0.5990159901599016,17,71.0,1.9189189189189189,1569,207,2,0.1319311663479923,0.0012746972594008
24024,27,132,0.2045454545454545,5,21.0,4.609756097560976,321,81,0,0.2523364485981308,0.0
20635,478,1514,0.3157199471598415,148,375.0,9.86842105263158,2568,491,4,0.1911993769470405,0.0015576323987538
20636,262,814,0.3218673218673218,64,155.0,7.635467980295566,1284,287,3,0.2235202492211838,0.0023364485981308
209400,163,848,0.1922169811320754,65,81.0,3.1153846153846154,1844,605,2,0.3280911062906724,0.0010845986984815
20850,416,1386,0.3001443001443001,199,175.0,7.69418661455789,2164,504,2,0.232902033271719,0.0009242144177449
22383,210,722,0.2908587257617728,98,115.0,5.280612244897959,1476,461,2,0.312330623306233,0.0013550135501355
3710,27,221,0.1221719457013574,14,27.0,2.0506329113924053,682,221,1,0.3240469208211143,0.001466275659824
20875,45,226,0.1991150442477876,14,42.0,6.631578947368421,424,134,1,0.3160377358490566,0.0023584905660377
22933,67,612,0.1094771241830065,27,80.0,2.6441424899008448,1885,611,0,0.3241379310344827,0.0
21385,263,2439,0.1078310783107831,152,75.0,2.17671718800387,3562,697,4,0.195676586187535,0.0011229646266142
21006,85,210,0.4047619047619047,17,28.0,7.2,309,32,0,0.1035598705501618,0.0
25726,1191,2860,0.4164335664335664,292,224.0,6.4,3686,420,6,0.1139446554530656,0.0016277807921866
20550,601,1609,0.3735239279055314,207,221.0,7.6236105787658115,2395,371,0,0.1549060542797495,0.0
21171,495,2489,0.1988750502209722,316,106.0,3.9933026370866473,3068,427,3,0.1391786179921773,0.0009778357235984
166534,513,764,0.6714659685863874,33,39.0,1.0263157894736843,1399,193,3,0.1379556826304503,0.0021443888491779
101635,22,159,0.1383647798742138,10,17.0,2.185714285714286,437,131,0,0.2997711670480549,0.0
21173,70,337,0.2077151335311572,27,52.0,7.346938775510204,647,121,0,0.187017001545595,0.0
20841,655,1815,0.3608815426997245,178,238.0,7.912818618396749,2605,483,1,0.1854126679462572,0.000383877159309
625,450,1589,0.2831969792322215,238,211.0,7.253628724216959,2443,488,4,0.1997544003274662,0.0016373311502251
20516,204,732,0.2786885245901639,70,173.0,8.897142857142859,1508,436,3,0.2891246684350133,0.0019893899204244
246175,62,476,0.1302521008403361,27,27.0,1.4935464044253226,1203,335,1,0.2784704904405652,0.0008312551953449
302799,320,1256,0.2547770700636942,149,284.0,7.888888888888889,2323,614,5,0.2643133878605251,0.0021523891519586
22185,332,1061,0.3129123468426013,135,220.0,7.560137457044673,2089,601,3,0.2876974629009095,0.0014360938247965
21370,297,900,0.33,62,175.0,7.401315789473684,1594,374,5,0.2346298619824341,0.0031367628607277
21114,76,596,0.1275167785234899,29,47.0,1.6439953361834434,1526,440,0,0.2883355176933158,0.0
134435,127,736,0.1725543478260869,67,149.0,5.94151528577758,1423,314,1,0.2206605762473647,0.0007027406886858
20928,412,1206,0.3416252072968491,113,229.0,7.756868648852089,1948,425,3,0.2181724845995893,0.0015400410677618
11063,315,1461,0.2156057494866529,136,76.0,2.409299048960902,2692,611,0,0.2269687964338781,0.0
15524,202,1177,0.1716227697536108,98,105.0,4.328905176362803,2059,496,2,0.2408936376881981,0.0009713453132588
350569,37,112,0.3303571428571428,13,27.0,7.689873417721519,213,57,0,0.2676056338028169,0.0
226200,154,1182,0.1302876480541455,60,160.0,4.616864379608849,2725,617,2,0.2264220183486238,0.0007339449541284
286215,133,204,0.6519607843137255,12,17.0,1.3189655172413792,494,63,1,0.1275303643724696,0.0020242914979757
20911,249,1086,0.2292817679558011,120,98.0,4.423269809428285,1734,393,4,0.2266435986159169,0.0023068050749711
25541,623,1977,0.3151239251390996,343,204.0,5.717844908128309,3121,654,3,0.2095482217238064,0.0009612303748798
20443,545,1965,0.27735368956743,238,215.0,7.76796467282216,2825,455,4,0.1610619469026548,0.0014159292035398
20866,505,1461,0.3456536618754278,121,197.0,7.88,2154,332,4,0.1541318477251625,0.0018570102135561
69400,478,1686,0.2835112692763938,228,268.0,10.134453781512606,2547,538,8,0.2112288967412642,0.0031409501374165
86328,625,1796,0.3479955456570155,140,267.0,8.061053337806106,2781,521,2,0.1873426824883135,0.0007191657677094
20455,236,392,0.6020408163265306,4,19.0,0.9178743961352658,720,87,0,0.1208333333333333,0.0
338249,61,444,0.1373873873873874,33,73.0,5.544303797468355,1037,273,2,0.2632594021215043,0.0019286403085824
424241,239,683,0.349926793557833,67,106.0,7.583465818759937,1162,223,1,0.1919104991394148,0.0008605851979345
269152,39,487,0.0800821355236139,34,97.0,2.902260638297872,1818,674,1,0.3707370737073707,0.0005500550055005
149076,85,430,0.1976744186046511,43,39.0,4.471337579617835,783,194,0,0.247765006385696,0.0
20655,134,526,0.2547528517110266,72,87.0,4.955696202531645,943,224,0,0.2375397667020148,0.0
346908,73,361,0.2022160664819944,34,57.0,6.028202115158637,658,164,0,0.2492401215805471,0.0
51145,98,573,0.1710296684118673,54,54.0,3.790951638065523,973,230,0,0.2363823227132579,0.0
22020,23,295,0.0779661016949152,9,40.0,3.183023872679045,947,309,1,0.3262935586061246,0.0010559662090813
4792,93,338,0.2751479289940828,29,32.0,5.818181818181818,504,91,0,0.1805555555555555,0.0
22381,154,837,0.1839904420549581,72,88.0,4.366041896361632,1468,331,3,0.2254768392370572,0.0020435967302452
70834,48,351,0.1367521367521367,24,36.0,3.4322033898305087,733,177,0,0.2414733969986357,0.0
20632,300,484,0.6198347107438017,18,59.0,2.565217391304348,971,121,0,0.1246138002059732,0.0
374013,150,696,0.2155172413793103,96,49.0,6.826625386996904,881,106,1,0.1203178206583427,0.0011350737797956
21678,66,389,0.1696658097686375,42,56.0,6.666666666666666,672,162,1,0.2410714285714285,0.0014880952380952
269188,69,309,0.2233009708737864,30,69.0,7.666666666666667,646,229,0,0.3544891640866873,0.0
346913,100,312,0.3205128205128205,23,70.0,9.051724137931034,593,130,1,0.2192242833052276,0.0016863406408094
21730,1,5,0.2,1,1.0,3.333333333333333,21,10,0,0.4761904761904761,0.0
22313,251,846,0.2966903073286052,104,145.0,8.065512978986403,1567,338,0,0.2156987874920229,0.0
20796,38,257,0.1478599221789883,14,44.0,2.441430332922318,920,334,2,0.3630434782608696,0.0021739130434782
90268,441,1627,0.2710510141364474,191,220.0,7.15059588299025,2471,536,5,0.216916228247673,0.0020234722784297
50805,368,1166,0.3156089193825043,103,243.0,8.755004003202561,1959,415,3,0.2118427769270035,0.001531393568147
20483,556,727,0.7647867950481431,58,56.0,1.696969696969697,1511,171,1,0.1131700860357379,0.00066181336863
20707,343,1061,0.3232799245994345,99,195.0,8.556801560214529,1694,366,3,0.2160566706021251,0.0017709563164108
373768,29,143,0.2027972027972027,8,16.0,3.1509846827133483,358,104,0,0.2905027932960894,0.0
21861,39,289,0.1349480968858131,14,46.0,2.365714285714286,1064,403,0,0.3787593984962406,0.0
257028,236,937,0.2518676627534685,98,153.0,8.693181818181818,1646,372,4,0.2260024301336573,0.0024301336573511
21290,43,253,0.1699604743083003,25,34.0,4.967532467532468,497,122,3,0.2454728370221328,0.0060362173038229
22699,34,221,0.1538461538461538,16,54.0,5.977859778597786,625,215,0,0.344,0.0
92966,436,1295,0.3366795366795367,113,182.0,6.99700982486117,1922,291,2,0.1514047866805411,0.0010405827263267
21298,542,834,0.6498800959232613,34,78.0,2.1666666666666665,1815,314,5,0.1730027548209366,0.0027548209366391
8306,442,2043,0.2163485070974057,166,212.0,6.233257105521071,3592,774,2,0.215478841870824,0.0005567928730512
26373,174,693,0.2510822510822511,53,113.0,6.3285625388923465,1242,266,0,0.214170692431562,0.0
23149,11,122,0.0901639344262295,5,18.0,3.3609958506224067,309,83,0,0.2686084142394822,0.0
138408,769,2273,0.3383194016717993,162,332.0,8.736842105263158,3264,441,2,0.135110294117647,0.0006127450980392
20556,191,1455,0.1312714776632302,90,94.0,3.3033971105037097,2359,566,4,0.2399321746502755,0.0016956337431114
69968,429,1640,0.2615853658536585,238,120.0,5.6191467221644125,2435,468,1,0.1921971252566735,0.0004106776180698
21655,269,994,0.2706237424547283,136,93.0,3.898462971588263,1758,565,5,0.3213879408418658,0.002844141069397
333571,544,2046,0.2658846529814271,261,272.0,7.688442211055276,3187,593,8,0.1860684028867273,0.0025101976780671
240042,16,225,0.0711111111111111,10,21.0,2.339108910891089,516,161,2,0.312015503875969,0.003875968992248
21376,87,619,0.1405492730210016,42,56.0,2.6995179432244245,1365,381,0,0.2791208791208791,0.0
21280,298,869,0.3429228998849252,104,184.0,7.551299589603283,1661,442,1,0.2661047561709813,0.0006020469596628
21025,110,409,0.2689486552567237,62,29.0,2.893569844789357,726,173,0,0.2382920110192837,0.0
115933,20,204,0.0980392156862745,3,28.0,1.696969696969697,920,375,0,0.4076086956521739,0.0
22559,22,132,0.1666666666666666,8,18.0,4.924012158054712,264,73,1,0.2765151515151515,0.0037878787878787
206314,57,419,0.1360381861575179,24,42.0,1.2722988892628744,1031,323,1,0.3132880698351115,0.0009699321047526
241676,315,1349,0.2335063009636768,163,167.0,7.56797583081571,2100,428,2,0.2038095238095238,0.0009523809523809
239298,4,50,0.08,3,6.0,2.7411167512690358,142,41,1,0.2887323943661972,0.0070422535211267
20588,258,1134,0.2275132275132275,118,104.0,5.957988542329726,1713,246,1,0.1436077057793345,0.0005837711617046
263803,159,818,0.1943765281173594,77,127.0,7.609853528628495,1439,296,0,0.2056984016678248,0.0
37739,301,1431,0.2103424178895877,174,200.0,6.75422138836773,2364,493,2,0.2085448392554991,0.0008460236886632
20575,67,325,0.2061538461538461,28,47.0,5.437017994858612,569,133,0,0.2337434094903339,0.0
20434,108,604,0.1788079470198675,50,106.0,5.585480093676815,1425,439,4,0.3080701754385965,0.0028070175438596
286226,124,526,0.2357414448669201,62,46.0,6.1698956780924,763,141,1,0.1847968545216251,0.001310615989515
22695,244,1124,0.2170818505338078,120,95.0,4.604200323101777,1831,405,6,0.2211906062261059,0.0032768978700163
92908,88,330,0.2666666666666666,32,64.0,6.674391657010429,621,151,2,0.2431561996779388,0.003220611916264
20495,302,1033,0.292352371732817,131,125.0,5.490483162518302,1830,445,1,0.2431693989071038,0.0005464480874316
449978,1,13,0.0769230769230769,0,3.0,7.297297297297297,32,10,0,0.3125,0.0
86309,169,609,0.277504105090312,58,137.0,9.506553585196608,1072,251,0,0.2341417910447761,0.0
26518,181,783,0.231162196679438,73,126.0,7.631224764468371,1225,264,7,0.2155102040816326,0.0057142857142857
21077,217,1273,0.1704634721131186,105,58.0,1.8947368421052635,2565,559,3,0.2179337231968811,0.0011695906432748
72397,16,244,0.0655737704918032,12,48.0,3.5702479338842976,978,321,1,0.3282208588957055,0.0010224948875255
23386,30,191,0.1570680628272251,18,29.0,5.403726708074535,416,118,1,0.2836538461538461,0.0024038461538461
402017,26,156,0.1666666666666666,7,20.0,5.660377358490567,284,72,0,0.2535211267605634,0.0
403272,11,68,0.1617647058823529,6,7.0,3.088235294117647,157,49,0,0.3121019108280254,0.0
149846,22,154,0.1428571428571428,14,20.0,5.825242718446602,308,77,0,0.25,0.0
70965,130,758,0.1715039577836411,64,57.0,3.259212198221093,1414,321,1,0.227015558698727,0.0007072135785007
20517,63,303,0.2079207920792079,20,57.0,6.460957178841309,603,135,0,0.2238805970149253,0.0
239295,31,304,0.1019736842105263,8,30.0,3.146853146853147,711,197,0,0.2770745428973277,0.0
131184,155,639,0.2425665101721439,48,198.0,10.68345323741007,1466,402,2,0.2742155525238745,0.0013642564802182
22864,75,314,0.2388535031847133,34,37.0,3.565310492505353,660,220,3,0.3333333333333333,0.0045454545454545
93341,22,58,0.3793103448275862,7,11.0,5.789473684210527,113,28,0,0.247787610619469,0.0
23427,163,651,0.250384024577573,74,102.0,8.368277119416591,1026,231,3,0.2251461988304093,0.0029239766081871
21148,132,399,0.3308270676691729,66,65.0,6.442731277533039,653,158,1,0.2419601837672281,0.001531393568147
356903,171,816,0.2095588235294117,78,136.0,7.324955116696589,1566,397,2,0.2535121328224776,0.0012771392081736
77,544,1416,0.384180790960452,162,201.0,8.04,2097,365,4,0.1740581783500238,0.0019074868860276
18669,166,907,0.1830209481808158,79,176.0,8.99488926746167,1774,409,8,0.2305524239007891,0.0045095828635851
14696,154,673,0.2288261515601783,73,57.0,3.1376146788990824,1248,370,0,0.296474358974359,0.0
279734,204,1081,0.1887141535615171,114,103.0,5.801001251564455,1529,242,4,0.158273381294964,0.0026160889470241
275384,314,920,0.3413043478260869,77,175.0,8.333333333333334,1406,268,4,0.1906116642958748,0.0028449502133712
94831,127,581,0.2185886402753872,67,52.0,2.457983193277311,1266,375,1,0.2962085308056872,0.0007898894154818
239191,12,107,0.1121495327102803,4,11.0,2.571428571428572,310,104,0,0.3354838709677419,0.0
51217,276,1144,0.2412587412587412,111,145.0,5.14792899408284,2038,456,2,0.2237487733071639,0.000981354268891
91519,21,171,0.1228070175438596,4,26.0,2.463157894736842,703,258,2,0.3669985775248933,0.0028449502133712
25512,72,561,0.1283422459893048,36,61.0,2.332200509770604,1761,582,0,0.3304940374787052,0.0
14800,291,1076,0.2704460966542751,142,158.0,9.524447421299396,1797,343,2,0.1908736783528102,0.0011129660545353
224680,180,825,0.2181818181818181,95,139.0,5.280709159983116,1800,545,1,0.3027777777777777,0.0005555555555555
14929,300,1105,0.2714932126696832,84,183.0,7.842857142857143,1617,262,4,0.1620284477427334,0.002473716759431
14770,163,763,0.2136304062909567,104,68.0,5.070422535211267,1162,235,2,0.2022375215146299,0.0017211703958691
49968,605,912,0.6633771929824561,47,55.0,1.664425016812374,1504,196,3,0.1303191489361702,0.0019946808510638
14789,75,506,0.1482213438735178,29,38.0,2.775974025974026,977,261,2,0.2671443193449335,0.0020470829068577
391530,81,853,0.0949589683470105,37,93.0,3.618677042801557,1844,487,1,0.2640997830802603,0.0005422993492407
3535,150,562,0.2669039145907473,77,49.0,4.038461538461538,973,232,1,0.2384378211716341,0.001027749229188
16609,1,11,0.0909090909090909,0,0.0,0.0,32,12,0,0.375,0.0
413737,218,1113,0.1958670260557053,121,209.0,7.792046396023198,1829,405,3,0.2214324767632586,0.0016402405686167
15798,179,870,0.2057471264367816,80,107.0,4.987053340238218,1717,442,2,0.2574257425742574,0.0011648223645894
289711,251,1170,0.2145299145299145,133,138.0,6.2886075949367095,2144,493,3,0.2299440298507462,0.0013992537313432
340646,502,1797,0.2793544796883695,176,305.0,8.970588235294118,2775,538,3,0.1938738738738738,0.001081081081081
70139,147,836,0.1758373205741626,67,157.0,6.706217370669198,1708,459,2,0.2687353629976581,0.0011709601873536
14754,294,1202,0.2445923460898502,161,196.0,7.307373653686827,2043,594,1,0.2907488986784141,0.0004894762604013
70975,117,785,0.1490445859872611,76,78.0,4.404015056461732,1573,341,2,0.2167832167832167,0.0012714558169103
51132,72,507,0.1420118343195266,44,33.0,2.1004243281471005,1061,283,0,0.2667295004712535,0.0
328131,47,291,0.1615120274914089,27,37.0,3.021778584392014,683,215,1,0.3147877013177159,0.0014641288433382
15051,271,1511,0.1793514228987425,139,145.0,4.776720351390923,2653,611,1,0.2303053147380324,0.0003769317753486
89559,473,1643,0.2878880097382836,230,199.0,7.766695576756287,2521,498,4,0.1975406584688615,0.0015866719555731
14781,199,824,0.241504854368932,91,143.0,8.038725796377264,1438,297,0,0.2065368567454798,0.0
49855,551,896,0.6149553571428571,34,39.0,1.3361248572516178,1485,174,1,0.1171717171717171,0.0006734006734006
86489,38,343,0.1107871720116618,26,43.0,2.4172392254840727,1059,353,0,0.3333333333333333,0.0
404219,148,619,0.2390953150242326,76,69.0,5.201005025125628,1172,281,5,0.2397610921501706,0.0042662116040955
327009,108,592,0.1824324324324324,58,108.0,7.335849056603774,1078,257,6,0.2384044526901669,0.0055658627087198
14817,77,556,0.1384892086330935,38,27.0,1.119815668202765,1358,391,0,0.2879234167893961,0.0
15821,6,53,0.1132075471698113,3,6.0,1.616766467065868,215,84,0,0.3906976744186046,0.0
18704,293,430,0.6813953488372093,30,27.0,1.125,863,136,0,0.1575898030127462,0.0
241966,306,985,0.3106598984771573,130,187.0,6.418764302059497,1810,432,4,0.2386740331491712,0.0022099447513812
15811,230,1013,0.2270483711747285,117,101.0,6.129467296021578,1434,233,0,0.1624825662482566,0.0
105619,86,434,0.1981566820276497,39,54.0,4.914054600606673,917,208,1,0.2268266085059978,0.0010905125408942
15775,382,1373,0.2782228696285506,168,159.0,5.463917525773196,2226,454,0,0.2039532794249775,0.0
15191,162,803,0.2017434620174346,71,55.0,2.195121951219512,1568,409,3,0.2608418367346938,0.0019132653061224
1729,34,236,0.1440677966101695,21,18.0,2.7551020408163267,410,95,3,0.2317073170731707,0.0073170731707317
14979,650,1048,0.6202290076335878,33,49.0,1.4411764705882353,1682,239,1,0.1420927467300832,0.0005945303210463
82487,142,832,0.1706730769230769,57,124.0,5.077343039126479,1737,462,2,0.2659758203799655,0.0011514104778353
135561,258,986,0.2616632860040568,119,190.0,9.038054968287527,1670,350,4,0.2095808383233532,0.0023952095808383
15193,31,133,0.2330827067669172,13,19.0,6.653696498054474,203,42,2,0.2068965517241379,0.0098522167487684
19720,202,742,0.2722371967654987,56,113.0,6.647058823529412,1144,228,3,0.1993006993006993,0.0026223776223776
425926,146,614,0.2377850162866449,62,82.0,6.014669926650367,946,210,1,0.2219873150105708,0.0010570824524312
14762,33,306,0.1078431372549019,23,43.0,2.6597938144329896,901,320,0,0.3551609322974473,0.0
15430,282,1151,0.2450043440486533,147,185.0,7.088122605363984,1949,363,5,0.1862493586454592,0.0025654181631605
208089,139,624,0.2227564102564102,66,87.0,6.0,1049,275,1,0.2621544327931363,0.0009532888465204
16010,536,715,0.7496503496503496,31,54.0,1.7419354838709675,1357,141,0,0.1039056742815033,0.0
221411,288,1164,0.2474226804123711,108,154.0,4.6824324324324325,2318,663,1,0.2860224331320103,0.0004314063848144
14997,99,448,0.2209821428571428,30,80.0,4.9079754601227,1006,267,2,0.2654075546719682,0.0019880715705765
14900,20,67,0.2985074626865671,4,20.0,7.964601769911504,157,43,0,0.2738853503184713,0.0
38082,92,252,0.365079365079365,26,47.0,9.235807860262009,429,92,0,0.2144522144522144,0.0
16432,136,892,0.1524663677130044,75,121.0,3.807692307692308,2290,679,4,0.2965065502183406,0.0017467248908296
224801,103,581,0.1772805507745266,34,101.0,4.243697478991597,1554,442,0,0.2844272844272844,0.0
272434,308,1125,0.2737777777777778,86,260.0,10.276679841897232,2031,439,4,0.2161496799606105,0.0019694731659281
165431,42,248,0.1693548387096774,17,31.0,3.297872340425532,587,161,0,0.2742759795570698,0.0
64995,71,487,0.1457905544147844,37,65.0,2.5150472914875324,1575,571,0,0.3625396825396825,0.0
15399,244,1050,0.2323809523809523,92,158.0,5.688,2186,676,2,0.3092406221408966,0.000914913083257
208716,63,341,0.1847507331378299,27,70.0,7.749077490774908,783,205,1,0.2618135376756066,0.0012771392081736
14847,366,581,0.6299483648881239,34,46.0,1.372679045092838,1214,141,0,0.1161449752883031,0.0
282772,40,203,0.1970443349753694,16,33.0,3.2494529540481403,716,227,0,0.3170391061452514,0.0
3281,81,479,0.1691022964509394,39,35.0,3.531390134529148,815,115,1,0.1411042944785276,0.0012269938650306
16094,45,404,0.1113861386138613,26,48.0,2.041587901701323,1357,485,0,0.3574060427413412,0.0
235597,450,1382,0.3256150506512301,126,253.0,8.724137931034482,2269,477,1,0.2102247686205376,0.000440722785368
127685,110,572,0.1923076923076923,49,87.0,5.352016404647984,1220,365,3,0.2991803278688524,0.0024590163934426
25995,535,1304,0.4102760736196319,160,234.0,9.625228519195613,2057,395,3,0.1920272241127856,0.0014584346135148
15020,106,673,0.1575037147102526,54,104.0,5.062195781503515,1617,451,2,0.2789115646258503,0.0012368583797155
136011,111,597,0.185929648241206,65,118.0,5.838372732270478,1254,389,3,0.310207336523126,0.0023923444976076
15200,22,182,0.1208791208791208,13,21.0,2.125984251968504,561,185,0,0.3297682709447415,0.0
21469,214,829,0.2581423401688781,83,175.0,6.8359375,1690,434,2,0.2568047337278106,0.0011834319526627
16443,117,432,0.2708333333333333,27,139.0,10.381742738589212,882,225,3,0.2551020408163265,0.0034013605442176
224896,44,279,0.1577060931899641,15,51.0,5.1,714,218,1,0.3053221288515406,0.0014005602240896
258254,41,223,0.1838565022421524,25,19.0,2.103321033210332,513,157,1,0.3060428849902534,0.0019493177387914
491365,12,126,0.0952380952380952,9,19.0,2.0188902007083827,505,208,1,0.4118811881188118,0.0019801980198019
56424,14,88,0.1590909090909091,4,11.0,3.7078651685393256,222,66,0,0.2972972972972973,0.0
17136,46,240,0.1916666666666666,15,47.0,5.340909090909091,623,212,0,0.3402889245585875,0.0
14687,646,1760,0.3670454545454545,179,190.0,7.071960297766749,2547,387,0,0.1519434628975265,0.0
284524,71,289,0.245674740484429,18,57.0,6.195652173913044,523,133,0,0.254302103250478,0.0
15232,35,286,0.1223776223776223,17,26.0,1.4373464373464373,1073,399,3,0.3718546132339236,0.0027958993476234
15225,27,115,0.2347826086956521,13,21.0,7.297297297297297,248,76,1,0.3064516129032258,0.0040322580645161
149389,159,748,0.212566844919786,67,101.0,6.544276457883369,1304,276,1,0.2116564417177914,0.0007668711656441
15244,7,25,0.28,2,4.0,4.615384615384615,50,20,1,0.4,0.02
403273,4,72,0.0555555555555555,2,15.0,4.821428571428571,241,103,0,0.4273858921161825,0.0
14905,270,1072,0.251865671641791,107,155.0,6.393217231897342,1695,340,4,0.2005899705014749,0.0023598820058997
15061,90,138,0.6521739130434783,14,7.0,1.4549653579676676,223,43,0,0.1928251121076233,0.0
15810,31,136,0.2279411764705882,10,9.0,2.9779411764705883,236,70,0,0.2966101694915254,0.0
149091,191,658,0.290273556231003,70,95.0,6.845476381104883,1100,228,0,0.2072727272727272,0.0
15278,43,208,0.2067307692307692,19,32.0,4.5,430,134,0,0.3116279069767442,0.0
447223,35,358,0.0977653631284916,21,26.0,3.416058394160584,634,120,0,0.1892744479495268,0.0
25867,47,600,0.0783333333333333,29,63.0,2.2743682310469318,1261,391,3,0.310071371927042,0.0023790642347343
105622,50,425,0.1176470588235294,22,24.0,2.070949185043145,899,231,0,0.2569521690767519,0.0
399599,3,21,0.1428571428571428,1,0.0,0.0,67,24,0,0.3582089552238806,0.0
272234,0,11,0.0,0,3.0,5.4,30,14,0,0.4666666666666667,0.0
356908,46,262,0.1755725190839694,20,12.0,2.8346456692913384,358,71,0,0.1983240223463687,0.0
352986,291,963,0.3021806853582554,104,219.0,6.227488151658768,2031,480,2,0.2363367799113737,0.000984736582964
25860,156,850,0.1835294117647058,61,132.0,4.815565464126469,2269,782,3,0.3446452181577787,0.001322168356104
123,49,269,0.1821561338289963,34,26.0,2.822677925211098,566,186,0,0.3286219081272085,0.0
253333,184,727,0.2530949105914718,108,144.0,6.8826340945300055,1338,350,3,0.2615844544095665,0.0022421524663677
29616,301,906,0.3322295805739514,87,185.0,7.868620037807183,1539,353,4,0.2293697205977907,0.0025990903183885
215130,48,325,0.1476923076923077,23,88.0,4.412256267409471,1112,365,2,0.3282374100719424,0.0017985611510791
26389,249,841,0.2960760998810939,102,80.0,3.8257173219978746,1389,266,2,0.1915046796256299,0.0014398848092152
25638,130,525,0.2476190476190476,52,89.0,6.47011308562197,1088,248,3,0.2279411764705882,0.0027573529411764
41127,186,611,0.3044189852700491,27,98.0,6.826625386996904,895,168,1,0.1877094972067039,0.0011173184357541
26543,27,272,0.0992647058823529,10,18.0,1.7900552486187846,716,209,0,0.2918994413407821,0.0
55968,22,183,0.1202185792349726,14,15.0,1.475409836065574,449,138,0,0.3073496659242761,0.0
4452,194,1011,0.19188921859545,72,128.0,6.717201166180757,1602,264,0,0.1647940074906367,0.0
40810,280,1278,0.2190923317683881,176,31.0,1.55,2413,530,3,0.2196435971819312,0.001243265644426
21383,495,1944,0.2546296296296296,235,103.0,5.315366972477064,2596,328,6,0.1263482280431433,0.0023112480739599
286917,182,984,0.1849593495934959,63,119.0,5.104861773117255,1776,361,3,0.2032657657657657,0.0016891891891891
247671,118,953,0.123819517313746,70,90.0,2.848101265822785,2178,541,3,0.2483930211202938,0.0013774104683195
257750,451,1648,0.2736650485436893,208,195.0,6.93950177935943,2495,468,7,0.1875751503006012,0.0028056112224448
3276,636,1770,0.3593220338983051,109,209.0,6.361176868447751,2503,401,1,0.160207750699161,0.0003995205753096
94695,276,1206,0.2288557213930348,107,217.0,7.737717908082409,2195,443,1,0.2018223234624145,0.0004555808656036
93331,13,109,0.1192660550458715,6,7.0,0.7233065442020666,322,111,0,0.3447204968944099,0.0
3450,51,504,0.1011904761904761,35,46.0,1.9345794392523363,1270,373,0,0.2937007874015748,0.0
70093,518,1797,0.2882582081246522,274,198.0,6.359743040685225,2744,540,2,0.1967930029154519,0.0007288629737609
28117,95,511,0.1859099804305283,39,64.0,5.806451612903226,1055,295,0,0.2796208530805687,0.0
135913,111,777,0.1428571428571428,45,86.0,3.0293542074363997,1792,566,1,0.3158482142857143,0.0005580357142857
102,774,2070,0.3739130434782609,184,282.0,8.064823641563393,2965,447,1,0.1507588532883642,0.0003372681281618
25382,408,644,0.6335403726708074,10,56.0,1.6470588235294117,1221,135,1,0.1105651105651105,0.0008190008190008
27958,217,731,0.2968536251709986,86,93.0,5.865451997196916,1277,293,1,0.2294440093970242,0.0007830853563038
28990,301,1393,0.2160804020100502,145,200.0,6.90978886756238,2491,632,3,0.2537133681252509,0.0012043356081894
25492,338,1360,0.2485294117647059,158,244.0,7.342026078234704,2380,584,3,0.2453781512605042,0.0012605042016806
26638,76,865,0.0878612716763005,38,48.0,1.4196516595465003,2062,603,3,0.2924345295829292,0.001454898157129
25957,387,1105,0.3502262443438914,63,309.0,9.527235354573484,1983,443,0,0.2233988905698436,0.0
26547,22,164,0.1341463414634146,11,38.0,7.880184331797236,378,109,0,0.2883597883597883,0.0
25846,244,919,0.26550598476605,86,143.0,6.217391304347826,1705,364,1,0.2134897360703812,0.0005865102639296
97582,44,438,0.1004566210045662,18,48.0,1.7412333736396617,1491,500,0,0.335345405767941,0.0
28948,46,233,0.1974248927038626,25,41.0,4.893899204244032,501,153,2,0.3053892215568862,0.0039920159680638
43515,170,605,0.2809917355371901,83,124.0,7.332457293035479,1156,314,1,0.2716262975778546,0.0008650519031141
20685,123,471,0.2611464968152866,45,81.0,5.5479452054794525,870,212,1,0.2436781609195402,0.0011494252873563
25605,82,703,0.1166429587482219,47,99.0,2.894736842105263,2212,810,0,0.3661844484629294,0.0
26604,101,546,0.184981684981685,47,27.0,1.589274035317201,1143,265,0,0.231846019247594,0.0
8899,17,88,0.1931818181818181,7,17.0,4.903846153846153,204,55,0,0.2696078431372549,0.0
340920,202,920,0.2195652173913043,91,73.0,3.6318407960199,1568,325,3,0.2072704081632653,0.0019132653061224
277629,274,1519,0.1803818301514154,154,181.0,5.520162656726533,2538,552,1,0.2174940898345153,0.0003940110323089
26042,88,635,0.1385826771653543,43,88.0,4.47457627118644,1402,401,2,0.2860199714693295,0.0014265335235378
38015,105,433,0.2424942263279445,59,53.0,4.316742081447964,848,277,1,0.3266509433962264,0.0011792452830188
278867,107,584,0.1832191780821918,46,104.0,6.591549295774648,1293,295,1,0.2281515854601701,0.0007733952049497
21550,209,834,0.250599520383693,79,155.0,6.713185755534168,1731,401,1,0.2316580011554015,0.0005777007510109
25999,315,1454,0.2166437414030261,181,100.0,3.877638948728997,2554,518,2,0.2028191072826938,0.0007830853563038
25947,121,518,0.2335907335907336,43,146.0,8.5546875,1043,259,2,0.2483221476510067,0.0019175455417066
54380,296,1186,0.2495784148397976,130,180.0,7.867897037396795,1807,370,3,0.2047592695074709,0.0016602102933038
219350,44,460,0.0956521739130434,22,50.0,2.0727775218793183,1513,590,2,0.3899537343027098,0.0013218770654329
112377,281,751,0.374167776298269,56,132.0,6.931155192532088,1155,251,1,0.2173160173160173,0.0008658008658008
29291,400,923,0.4333694474539545,123,185.0,7.641119779715465,1390,272,1,0.19568345323741,0.0007194244604316
393284,347,1349,0.257227575982209,136,270.0,8.105403602401601,2612,675,1,0.2584226646248085,0.0003828483920367
203113,190,667,0.2848575712143928,94,147.0,8.28428303068253,1432,369,1,0.25768156424581,0.0006983240223463
286380,455,1148,0.3963414634146341,124,238.0,7.0,1877,428,2,0.2280234416622269,0.0010655301012253
50812,91,451,0.2017738359201774,56,37.0,3.2361516034985423,835,246,1,0.2946107784431138,0.0011976047904191
25745,83,644,0.1288819875776397,35,59.0,2.308695652173913,1733,627,0,0.361800346220427,0.0
335763,131,654,0.2003058103975535,70,72.0,4.202334630350195,1351,355,1,0.2627683197631384,0.000740192450037
477744,88,261,0.3371647509578544,38,37.0,5.7712305025996535,526,136,0,0.2585551330798479,0.0
26008,25,225,0.1111111111111111,13,20.0,1.9501625135427951,552,174,0,0.3152173913043478,0.0
229124,51,477,0.1069182389937107,29,64.0,3.945205479452055,966,258,4,0.2670807453416149,0.0041407867494824
26365,732,1069,0.6847521047708138,75,104.0,2.736842105263158,1955,259,1,0.1324808184143222,0.0005115089514066
256084,89,620,0.1435483870967742,32,107.0,4.497898178421298,1483,503,2,0.3391773432231962,0.0013486176668914
25470,248,876,0.2831050228310502,118,117.0,6.711281070745698,1252,231,1,0.1845047923322683,0.0007987220447284
26512,162,961,0.1685744016649323,72,97.0,3.4725536992840094,2138,573,3,0.2680074836295603,0.0014031805425631
134951,125,335,0.373134328358209,17,58.0,6.397058823529412,540,114,3,0.2111111111111111,0.0055555555555555
228983,182,757,0.2404227212681638,69,53.0,5.042283298097251,1030,160,5,0.1553398058252427,0.0048543689320388
301016,1,2,0.5,1,0.0,,3,1,0,0.3333333333333333,0.0
344744,55,349,0.157593123209169,21,29.0,2.607392607392608,783,226,0,0.2886334610472541,0.0
25457,186,766,0.2428198433420365,80,108.0,5.148305084745763,1559,369,1,0.2366901860166773,0.0006414368184733
26368,166,631,0.2630744849445325,54,92.0,5.401174168297455,1230,295,0,0.2398373983739837,0.0
26044,40,226,0.1769911504424778,17,14.0,1.9534883720930232,512,141,0,0.275390625,0.0
29588,302,1046,0.2887189292543021,111,195.0,7.916102841677944,1975,448,1,0.2268354430379746,0.000506329113924
26046,28,37,0.7567567567567568,3,3.0,1.0,99,14,0,0.1414141414141414,0.0
149053,137,623,0.2199036918138041,72,78.0,4.711409395973154,1083,241,3,0.2225300092336103,0.002770083102493
29641,99,549,0.180327868852459,35,64.0,3.5665634674922604,1133,332,3,0.293027360988526,0.0026478375992939
397033,80,336,0.238095238095238,43,32.0,5.748502994011976,506,90,2,0.1778656126482213,0.0039525691699604
37714,54,271,0.1992619926199262,19,20.0,2.8391167192429023,585,113,0,0.1931623931623931,0.0
26124,32,283,0.1130742049469964,10,53.0,3.407142857142857,836,305,3,0.3648325358851674,0.0035885167464114
29474,446,1130,0.3946902654867256,99,215.0,7.827669902912622,1752,335,0,0.1912100456621004,0.0
25930,222,325,0.683076923076923,28,46.0,2.1904761904761907,812,113,1,0.1391625615763546,0.001231527093596
25403,146,515,0.283495145631068,76,43.0,6.241935483870967,763,136,2,0.1782437745740498,0.0026212319790301
99453,43,310,0.1387096774193548,13,21.0,1.6420503909643789,853,246,0,0.2883939038686987,0.0
266286,479,1313,0.3648134044173648,89,119.0,5.492307692307692,1754,180,3,0.1026225769669327,0.0017103762827822
26135,543,1773,0.3062605752961083,124,234.0,8.304416403785488,2580,385,3,0.1492248062015503,0.0011627906976744
20948,38,240,0.1583333333333333,19,19.0,2.2739361702127656,548,190,0,0.3467153284671533,0.0
289359,313,1094,0.2861060329067642,157,150.0,6.566147859922179,1791,396,4,0.2211055276381909,0.0022333891680625
25784,108,319,0.3385579937304075,12,33.0,5.95190380761523,440,56,1,0.1272727272727272,0.0022727272727272
25524,542,1478,0.3667117726657645,175,279.0,9.3,2301,505,6,0.2194697957409822,0.0026075619295958
116345,84,402,0.208955223880597,32,63.0,7.0875,679,154,2,0.2268041237113402,0.0029455081001472
286915,205,647,0.3168469860896445,43,168.0,9.96704021094265,1133,284,5,0.2506619593998235,0.0044130626654898
26245,119,169,0.7041420118343196,11,20.0,1.5384615384615383,386,49,0,0.1269430051813471,0.0
49921,2,7,0.2857142857142857,1,0.0,0.0,25,8,0,0.32,0.0
214628,245,1115,0.2197309417040358,92,171.0,7.024189867640347,2054,417,0,0.2030185004868549,0.0
105523,169,655,0.2580152671755725,65,150.0,7.8125,1366,423,3,0.3096632503660322,0.0021961932650073
101795,20,149,0.1342281879194631,9,31.0,3.6,625,227,1,0.3632,0.0016
132972,0,20,0.0,1,2.0,4.090909090909091,39,12,0,0.3076923076923077,0.0
25526,114,556,0.2050359712230215,47,93.0,7.361477572559367,1017,207,1,0.2035398230088495,0.0009832841691248
86239,18,157,0.1146496815286624,9,26.0,2.7114716106604866,521,192,1,0.3685220729366603,0.0019193857965451
274345,12,57,0.2105263157894736,5,5.0,2.142857142857143,151,50,1,0.3311258278145695,0.0066225165562913
351851,2,28,0.0714285714285714,0,5.0,4.245283018867925,83,30,0,0.3614457831325301,0.0
61961,52,223,0.2331838565022421,25,60.0,7.297297297297298,474,123,0,0.2594936708860759,0.0
13451,25,75,0.3333333333333333,10,18.0,8.140703517587939,131,34,0,0.2595419847328244,0.0
7928,44,96,0.4583333333333333,22,9.0,7.431192660550459,130,28,0,0.2153846153846154,0.0
397174,88,337,0.2611275964391691,53,34.0,4.857142857142857,519,87,2,0.1676300578034682,0.0038535645472061
447205,1,43,0.0232558139534883,5,2.0,4.090909090909091,68,11,0,0.1617647058823529,0.0
399564,21,56,0.375,9,9.0,10.657894736842104,78,18,0,0.2307692307692307,0.0
207164,85,334,0.2544910179640718,40,84.0,6.631578947368421,750,198,0,0.264,0.0
8240,80,382,0.2094240837696335,31,84.0,7.297297297297297,816,192,0,0.2352941176470588,0.0
346158,0,7,0.0,0,1.0,5.294117647058823,16,3,0,0.1875,0.0
8066,41,54,0.7592592592592593,4,5.0,1.6423357664233578,109,20,0,0.1834862385321101,0.0
450826,2,17,0.1176470588235294,2,0.0,0.0,33,6,0,0.1818181818181818,0.0
4338,20,293,0.068259385665529,11,36.0,3.030869971936389,824,233,0,0.2827669902912621,0.0
3460,160,540,0.2962962962962963,55,116.0,7.505391804457225,1146,307,2,0.2678883071553228,0.0017452006980802
234527,82,449,0.1826280623608017,39,32.0,2.112986060161409,921,215,2,0.2334419109663409,0.002171552660152
38094,15,120,0.125,8,14.0,2.686567164179104,304,80,0,0.2631578947368421,0.0
287003,4,67,0.0597014925373134,4,5.0,2.7607361963190185,138,51,0,0.3695652173913043,0.0
4014,53,318,0.1666666666666666,18,41.0,3.9720129171151775,729,249,0,0.3415637860082304,0.0
3335,549,1639,0.3349603416717511,163,234.0,9.456668163448589,2597,480,7,0.1848286484405082,0.0026954177897574
3843,50,474,0.1054852320675105,24,40.0,2.992518703241895,1044,319,0,0.3055555555555556,0.0
3604,8,54,0.1481481481481481,5,3.0,0.764872521246459,116,23,1,0.1982758620689655,0.0086206896551724
285509,11,130,0.0846153846153846,6,19.0,3.4685598377281948,390,113,1,0.2897435897435897,0.0025641025641025
20410,38,148,0.2567567567567567,19,41.0,9.088669950738916,276,78,0,0.2826086956521739,0.0
267134,5,59,0.0847457627118644,3,4.0,1.6,152,46,0,0.3026315789473684,0.0
3708,23,148,0.1554054054054054,5,16.0,2.436548223350254,362,135,2,0.3729281767955801,0.005524861878453
105616,11,135,0.0814814814814814,7,14.0,1.7213114754098362,402,140,0,0.3482587064676617,0.0
376474,3,22,0.1363636363636363,1,6.0,8.709677419354838,60,19,0,0.3166666666666666,0.0
14757,85,316,0.2689873417721519,52,18.0,3.1153846153846154,420,67,1,0.1595238095238095,0.0023809523809523
488750,5,14,0.3571428571428571,0,5.0,10.227272727272728,35,9,0,0.2571428571428571,0.0
127719,6,10,0.6,3,2.0,3.4615384615384617,43,15,0,0.3488372093023256,0.0
329026,0,1,0.0,0,1.0,30.0,6,2,0,0.3333333333333333,0.0
302542,37,184,0.2010869565217391,7,43.0,8.638392857142858,360,90,0,0.25,0.0
3399,103,139,0.7410071942446043,22,24.0,2.8272251308900525,301,45,0,0.1495016611295681,0.0
279541,8,29,0.2758620689655172,0,4.0,5.070422535211268,56,21,0,0.375,0.0
99,9,13,0.6923076923076923,0,1.0,0.9278350515463918,33,5,0,0.1515151515151515,0.0
86200,5,20,0.25,4,0.0,0.0,35,4,0,0.1142857142857142,0.0
32793,9,33,0.2727272727272727,2,10.0,9.0,71,21,2,0.2957746478873239,0.028169014084507
300830,7,56,0.125,2,7.0,7.078651685393258,102,22,0,0.2156862745098039,0.0
347593,13,90,0.1444444444444444,6,16.0,4.458204334365325,205,69,0,0.3365853658536585,0.0
22152,92,345,0.2666666666666666,37,47.0,5.693135935397039,614,165,0,0.2687296416938111,0.0
23124,2,14,0.1428571428571428,0,3.0,8.4375,38,5,0,0.131578947368421,0.0
3531,218,640,0.340625,62,94.0,8.51963746223565,975,119,3,0.122051282051282,0.003076923076923
268180,4,16,0.25,0,1.0,1.2,42,15,0,0.3571428571428571,0.0
86301,195,998,0.1953907815631262,95,161.0,7.285067873303167,1810,472,3,0.2607734806629834,0.0016574585635359
246633,8,56,0.1428571428571428,5,10.0,6.04026845637584,113,31,1,0.2743362831858407,0.0088495575221238
218971,14,143,0.0979020979020979,6,25.0,4.7071129707112975,338,95,0,0.2810650887573964,0.0
20526,99,339,0.2920353982300885,48,50.0,8.035714285714285,520,108,2,0.2076923076923077,0.0038461538461538
21078,20,73,0.273972602739726,9,10.0,5.113636363636364,122,25,1,0.2049180327868852,0.0081967213114754
350992,4,39,0.1025641025641025,2,2.0,0.7964601769911505,169,62,0,0.3668639053254438,0.0
289122,8,50,0.16,6,3.0,3.292682926829269,78,15,0,0.1923076923076923,0.0
14992,1,10,0.1,0,1.0,1.5,26,13,0,0.5,0.0
145030,41,119,0.3445378151260504,8,20.0,9.677419354838708,191,43,0,0.225130890052356,0.0
99437,23,119,0.1932773109243697,7,36.0,7.2,296,122,0,0.4121621621621621,0.0
15797,29,42,0.6904761904761905,0,5.0,2.5,58,6,0,0.1034482758620689,0.0
16027,67,375,0.1786666666666666,28,29.0,2.311780336581045,797,236,1,0.2961104140526976,0.001254705144291
6292,2,55,0.0363636363636363,2,5.0,1.9823788546255507,120,32,0,0.2666666666666666,0.0
337799,2,8,0.25,0,1.0,5.0,20,5,0,0.25,0.0
223546,0,7,0.0,0,2.0,8.181818181818182,15,10,0,0.6666666666666666,0.0
397028,69,402,0.1716417910447761,39,76.0,10.0,720,142,1,0.1972222222222222,0.0013888888888888
284580,11,49,0.2244897959183673,2,16.0,13.584905660377355,118,32,0,0.2711864406779661,0.0
15122,149,439,0.3394077448747152,26,117.0,11.52078774617068,710,117,1,0.1647887323943662,0.0014084507042253
14804,36,189,0.1904761904761904,12,29.0,5.028901734104046,348,91,0,0.2614942528735632,0.0
26381,70,496,0.1411290322580645,44,71.0,4.630434782608695,1088,350,0,0.3216911764705882,0.0
25407,172,662,0.2598187311178248,88,68.0,5.041186161449753,1145,350,4,0.3056768558951965,0.0034934497816593
25616,43,173,0.2485549132947976,16,21.0,5.709969788519638,343,96,0,0.2798833819241982,0.0
487983,7,39,0.1794871794871795,1,12.0,7.659574468085107,107,39,0,0.3644859813084112,0.0
26433,80,303,0.264026402640264,36,75.0,7.352941176470589,648,146,0,0.2253086419753086,0.0
25519,7,9,0.7777777777777778,0,1.0,1.0,27,6,0,0.2222222222222222,0.0
294697,0,4,0.0,0,0.0,0.0,6,2,0,0.3333333333333333,0.0
55224,7,85,0.0823529411764705,4,14.0,3.5,259,89,0,0.3436293436293436,0.0
224206,19,86,0.2209302325581395,9,20.0,7.287449392712551,220,70,1,0.3181818181818182,0.0045454545454545
77536,6,12,0.5,0,3.0,3.0,30,3,0,0.1,0.0
447538,0,1,0.0,0,0.0,0.0,5,2,0,0.4,0.0
256634,77,228,0.337719298245614,28,26.0,6.324324324324325,353,43,0,0.121813031161473,0.0
122832,1,16,0.0625,1,2.0,5.454545454545455,34,6,0,0.1764705882352941,0.0
6577,84,119,0.7058823529411765,0,6.0,1.3138686131386863,198,24,1,0.1212121212121212,0.005050505050505
470756,1,15,0.0666666666666666,0,4.0,8.372093023255813,37,14,0,0.3783783783783784,0.0
500200,2,6,0.3333333333333333,0,3.0,10.0,18,7,0,0.3888888888888889,0.0
279556,4,12,0.3333333333333333,0,0.0,0.0,35,9,0,0.2571428571428571,0.0
3488,8,13,0.6153846153846154,5,1.0,1.0,43,7,0,0.1627906976744186,0.0
3823,13,21,0.6190476190476191,4,6.0,6.0,53,12,0,0.2264150943396226,0.0
278324,3,31,0.0967741935483871,2,3.0,1.9424460431654675,76,24,0,0.3157894736842105,0.0
366374,2,4,0.5,0,0.0,0.0,17,4,0,0.2352941176470588,0.0
6925,1,1,1.0,0,2.0,12.0,8,2,0,0.25,0.0
99430,18,23,0.782608695652174,2,3.0,3.0,35,4,0,0.1142857142857142,0.0
417231,91,436,0.2087155963302752,33,88.0,6.182669789227167,950,286,1,0.3010526315789473,0.0010526315789473
25601,10,94,0.1063829787234042,5,7.0,0.9361069836552748,345,115,0,0.3333333333333333,0.0
347026,7,72,0.0972222222222222,2,7.0,3.1818181818181817,170,60,0,0.3529411764705882,0.0
134429,38,125,0.304,19,15.0,6.398104265402844,200,53,0,0.265,0.0
283062,22,34,0.6470588235294118,2,1.0,1.0,57,9,0,0.1578947368421052,0.0
267185,38,147,0.2585034013605442,21,35.0,7.535885167464114,278,72,0,0.2589928057553957,0.0
405880,0,1,0.0,0,0.0,0.0,3,1,0,0.3333333333333333,0.0
41368,0,1,0.0,0,0.0,0.0,2,0,0,0.0,0.0
20972,0,2,0.0,0,0.0,0.0,4,1,0,0.25,0.0
15503,14,113,0.1238938053097345,8,15.0,1.9258202567760343,387,134,1,0.3462532299741602,0.0025839793281653
256776,3,10,0.3,1,0.0,0.0,15,1,0,0.0666666666666666,0.0
3566,147,455,0.3230769230769231,54,122.0,11.521511017838405,816,187,0,0.2291666666666666,0.0
14932,1,12,0.0833333333333333,0,4.0,12.857142857142858,16,5,0,0.3125,0.0
356906,9,43,0.2093023255813953,7,7.0,8.513513513513514,71,9,0,0.1267605633802817,0.0
14712,52,76,0.6842105263157895,2,2.0,0.6666666666666666,106,13,1,0.1226415094339622,0.0094339622641509
25996,34,100,0.34,3,5.0,3.488372093023256,124,11,0,0.0887096774193548,0.0
26378,0,4,0.0,0,1.0,15.0,7,5,0,0.7142857142857143,0.0
406156,2,14,0.1428571428571428,2,0.0,0.0,23,2,0,0.0869565217391304,0.0
281135,22,81,0.2716049382716049,10,19.0,10.301204819277109,151,37,0,0.2450331125827814,0.0
415747,1,6,0.1666666666666666,0,6.0,7.5,19,4,0,0.2105263157894736,0.0
29642,73,343,0.2128279883381924,17,50.0,7.8671328671328675,505,93,0,0.1841584158415841,0.0
190168,18,23,0.782608695652174,3,2.0,2.0,62,7,0,0.1129032258064516,0.0
405608,0,3,0.0,0,0.0,0.0,7,1,0,0.1428571428571428,0.0
272280,2,8,0.25,1,1.0,5.625,20,6,0,0.3,0.0
361214,0,4,0.0,0,0.0,0.0,6,1,0,0.1666666666666666,0.0
15254,0,2,0.0,0,0.0,0.0,4,0,0,0.0,0.0
472696,2,6,0.3333333333333333,0,0.0,0.0,7,0,0,0.0,0.0
391551,2,7,0.2857142857142857,3,2.0,10.0,13,2,0,0.1538461538461538,0.0
279721,1,10,0.1,1,2.0,2.0,35,17,0,0.4857142857142857,0.0
566942,21,103,0.203883495145631,7,10.0,5.487804878048781,156,34,1,0.2179487179487179,0.0064102564102564
66,0,7,0.0,0,1.0,3.75,23,7,0,0.3043478260869565,0.0
125076,15,78,0.1923076923076923,6,12.0,5.320197044334975,164,47,0,0.2865853658536585,0.0
339812,2,9,0.2222222222222222,1,0.0,0.0,10,0,0,0.0,0.0
437057,0,10,0.0,0,0.0,0.0,21,7,0,0.3333333333333333,0.0
29640,200,973,0.2055498458376156,98,133.0,6.951219512195122,1629,296,4,0.1817065684468999,0.0024554941682013
370,578,1635,0.3535168195718654,134,201.0,8.029294274300932,2388,370,1,0.1549413735343383,0.0004187604690117
703,358,1029,0.3479105928085519,77,184.0,8.054474708171206,1587,324,1,0.2041587901701323,0.0006301197227473
8653,599,1640,0.3652439024390244,172,340.0,8.947368421052632,2784,573,4,0.2058189655172413,0.0014367816091954
8144,121,746,0.1621983914209115,69,91.0,4.764397905759162,1344,385,2,0.2864583333333333,0.0014880952380952
14748,549,1628,0.3372235872235872,164,158.0,6.087328767123288,2319,354,2,0.1526520051746442,0.0008624407072013
135103,481,1288,0.3734472049689441,89,157.0,6.81949806949807,1797,207,5,0.1151919866444073,0.0027824151363383
62389,447,1850,0.2416216216216216,226,197.0,5.780893381154223,2912,720,2,0.2472527472527472,0.0006868131868131
11078,177,846,0.2092198581560283,70,155.0,7.318992654774397,1618,438,3,0.2707045735475896,0.0018541409147095
15823,74,409,0.1809290953545232,50,86.0,6.929274843330349,773,213,2,0.2755498059508409,0.0025873221216041
3429,519,804,0.6455223880597015,31,53.0,1.5142857142857142,1346,159,0,0.1181277860326894,0.0
38377,31,329,0.094224924012158,17,73.0,3.635860542335362,1251,458,0,0.3661071143085531,0.0
7988,328,1250,0.2624,158,205.0,7.7455919395466,2102,495,3,0.2354900095147478,0.0014272121788772
38031,45,406,0.1108374384236453,21,65.0,2.61744966442953,1594,546,1,0.342534504391468,0.0006273525721455
28292,486,2178,0.2231404958677686,254,257.0,6.9563909774436095,3313,680,9,0.2052520374283127,0.00271657108361
8501,166,666,0.2492492492492492,89,163.0,8.392448512585814,1393,389,3,0.2792534099066762,0.0021536252692031
377071,84,749,0.1121495327102803,40,132.0,4.205309734513274,2343,786,2,0.3354673495518566,0.0008536064874093
68085,328,858,0.3822843822843823,92,231.0,8.915094339622641,1579,404,4,0.2558581380620646,0.0025332488917036
20593,127,682,0.1862170087976539,51,65.0,3.613341568869673,1254,270,0,0.215311004784689,0.0
10663,25,271,0.092250922509225,17,21.0,1.261682242990654,751,266,1,0.3541944074567243,0.0013315579227696
58978,140,480,0.2916666666666667,55,138.0,8.144262295081967,1006,279,1,0.2773359840954274,0.0009940357852882
15054,69,482,0.1431535269709543,25,136.0,4.705882352941177,1540,557,0,0.3616883116883116,0.0
8433,244,999,0.2442442442442442,120,197.0,7.201462225832657,1870,532,1,0.2844919786096256,0.0005347593582887
25854,311,969,0.3209494324045407,94,298.0,9.289920332525114,1975,466,5,0.2359493670886076,0.0025316455696202
105339,757,2842,0.2663617171006333,415,218.0,6.800693240901213,3868,526,3,0.1359875904860392,0.0007755946225439
3413,248,1024,0.2421875,127,122.0,8.798076923076923,1519,292,0,0.1922317314022383,0.0
70086,951,2964,0.3208502024291498,295,196.0,5.941394408891883,3938,409,5,0.1038598273235144,0.0012696800406297
7910,428,621,0.6892109500805152,35,41.0,1.108108108108108,1237,172,2,0.1390460792239288,0.0016168148746968
7905,80,618,0.1294498381877022,34,42.0,1.317532241199024,1688,546,1,0.3234597156398104,0.0005924170616113
134513,94,749,0.1255006675567423,48,37.0,2.100946372239748,1443,340,0,0.2356202356202356,0.0
14808,259,1350,0.1918518518518518,154,83.0,4.960159362549801,1840,235,1,0.1277173913043478,0.0005434782608695
7906,208,1215,0.17119341563786,110,61.0,2.8372093023255816,1733,338,1,0.1950375072129255,0.0005770340450086
25706,346,1526,0.2267365661861074,194,292.0,9.456639078805326,2548,520,7,0.2040816326530612,0.0027472527472527
145692,18,212,0.0849056603773584,9,24.0,1.998149861239593,802,278,0,0.3466334164588528,0.0
15808,166,1105,0.1502262443438914,101,113.0,3.6595897804965816,2323,718,1,0.3090830822212656,0.0004304778303917
7899,481,1755,0.2740740740740741,239,273.0,8.460743801652892,2856,613,2,0.2146358543417366,0.0007002801120448
3523,344,1003,0.3429710867397806,97,212.0,9.068441064638783,1704,375,3,0.2200704225352112,0.0017605633802816
3327,51,466,0.1094420600858369,30,83.0,4.353146853146853,1285,442,1,0.3439688715953307,0.0007782101167315
25430,237,717,0.3305439330543933,42,152.0,8.560700876095119,1072,204,6,0.1902985074626865,0.0055970149253731
11669,37,359,0.1030640668523676,18,47.0,2.1171171171171173,1197,437,1,0.365079365079365,0.0008354218880534
8086,496,1715,0.2892128279883382,211,284.0,7.888888888888889,2542,529,6,0.2081038552321007,0.002360346184107
9097,421,1423,0.2958538299367533,121,328.0,8.631578947368421,2515,575,6,0.2286282306163022,0.0023856858846918
8285,273,1072,0.2546641791044776,153,176.0,5.9192825112107625,1814,440,2,0.2425578831312017,0.0011025358324145
119951,418,1128,0.3705673758865248,95,369.0,9.805137289636846,2115,576,1,0.2723404255319149,0.0004728132387706
7914,270,911,0.2963776070252469,73,201.0,7.96565389696169,1538,326,3,0.211963589076723,0.0019505851755526
284,255,829,0.3075995174909529,64,177.0,8.160860655737704,1393,340,0,0.2440775305096913,0.0
434159,34,160,0.2125,22,39.0,6.512059369202226,335,95,0,0.2835820895522388,0.0
8336,456,1635,0.2788990825688073,240,326.0,9.679973606070604,3099,777,2,0.2507260406582768,0.0006453694740238
77552,47,535,0.0878504672897196,30,57.0,3.904109589041096,1034,277,2,0.2678916827852998,0.0019342359767891
61962,142,794,0.1788413098236775,60,103.0,4.959871589085073,1249,219,1,0.1753402722177742,0.0008006405124099
240070,132,628,0.2101910828025477,89,43.0,5.025974025974026,847,118,2,0.1393152302243211,0.0023612750885478
14911,113,938,0.1204690831556503,65,66.0,2.568093385214008,1823,400,1,0.2194185408667032,0.0005485463521667
25381,557,815,0.6834355828220859,22,81.0,2.25,1359,155,3,0.1140544518027961,0.0022075055187637
3324,65,499,0.1302605210420841,41,43.0,1.8713733075435204,1488,480,0,0.3225806451612903,0.0
7887,421,1252,0.3362619808306709,108,158.0,6.586382584529876,1810,274,1,0.1513812154696132,0.0005524861878453
21100,313,1002,0.312375249500998,76,236.0,7.375,1728,413,2,0.2390046296296296,0.0011574074074074
3582,208,290,0.7172413793103448,39,31.0,1.631578947368421,728,131,0,0.1799450549450549,0.0
20620,188,725,0.2593103448275862,100,147.0,8.45367412140575,1247,309,3,0.247794707297514,0.0024057738572574
37725,144,867,0.1660899653979238,61,146.0,4.684491978609626,1870,489,2,0.2614973262032085,0.0010695187165775
379209,163,549,0.296903460837887,49,120.0,7.563025210084033,907,212,3,0.2337375964718853,0.0033076074972436
116,210,1225,0.1714285714285714,116,128.0,4.824120603015075,1905,315,1,0.1653543307086614,0.000524934383202
25950,162,1008,0.1607142857142857,59,126.0,4.658997534921939,1837,427,4,0.2324442025040827,0.0021774632553075
7919,367,1090,0.336697247706422,114,272.0,9.558766106989458,1971,458,4,0.2323693556570268,0.0020294266869609
8944,400,1027,0.3894839337877313,113,257.0,8.862068965517242,1754,399,2,0.2274800456100342,0.0011402508551881
262,99,587,0.1686541737649063,56,82.0,5.286532951289399,1107,247,5,0.2231255645889792,0.004516711833785
258162,70,374,0.1871657754010695,33,33.0,4.212765957446809,704,167,0,0.2372159090909091,0.0
3351,166,842,0.1971496437054631,59,122.0,6.413551401869159,1401,273,0,0.1948608137044968,0.0
25798,188,829,0.226779252110977,98,158.0,9.221789883268483,1316,290,0,0.2203647416413373,0.0
8620,184,757,0.2430647291941876,81,187.0,8.25,1610,398,3,0.2472049689440993,0.001863354037267
7967,406,1267,0.3204419889502762,211,141.0,5.495885664789952,1947,517,2,0.2655367231638418,0.0010272213662044
8761,24,86,0.2790697674418604,7,19.0,9.5,135,32,3,0.237037037037037,0.0222222222222222
8292,87,392,0.221938775510204,47,48.0,5.386533665835412,804,179,0,0.222636815920398,0.0
419784,47,165,0.2848484848484848,25,39.0,9.335106382978722,276,66,0,0.2391304347826087,0.0
8239,179,772,0.2318652849740932,100,95.0,4.476439790575917,1342,320,0,0.2384500745156482,0.0
7974,206,283,0.7279151943462897,37,29.0,1.8125,660,92,1,0.1393939393939394,0.0015151515151515
7989,269,979,0.2747701736465781,123,173.0,8.01750772399588,1773,501,6,0.2825719120135364,0.0033840947546531
5911,36,317,0.113564668769716,10,21.0,1.9110212335692616,682,196,0,0.2873900293255132,0.0
8992,9,15,0.6,0,1.0,1.0,35,4,0,0.1142857142857142,0.0
8833,371,1117,0.3321396598030439,86,256.0,7.868852459016394,1910,421,1,0.2204188481675392,0.000523560209424
36,348,898,0.3875278396436525,134,71.0,5.433673469387755,1245,224,0,0.1799196787148594,0.0
7957,56,188,0.2978723404255319,29,38.0,6.229508196721312,345,110,1,0.3188405797101449,0.0028985507246376
56,19,97,0.1958762886597938,4,9.0,3.24,162,45,0,0.2777777777777778,0.0
7888,48,170,0.2823529411764706,27,28.0,5.6375838926174495,309,72,2,0.233009708737864,0.0064724919093851
8005,124,378,0.328042328042328,28,101.0,8.657142857142858,688,193,0,0.2805232558139535,0.0
9622,24,71,0.3380281690140845,8,9.0,5.0,120,36,0,0.3,0.0
38,68,224,0.3035714285714285,22,27.0,6.75,368,72,1,0.1956521739130435,0.0027173913043478
9403,64,183,0.3497267759562841,16,49.0,8.197026022304833,287,68,0,0.2369337979094076,0.0
346195,439,2034,0.2158308751229105,247,193.0,6.525169045830203,2978,515,8,0.1729348556077904,0.002686366689053
247169,112,455,0.2461538461538461,46,144.0,9.03765690376569,945,262,1,0.2772486772486772,0.001058201058201
5268,28,332,0.0843373493975903,11,34.0,1.5446744068652194,969,337,0,0.347781217750258,0.0
254188,13,115,0.1130434782608695,3,17.0,6.12,233,55,0,0.2360515021459227,0.0
3347,331,1615,0.204953560371517,160,161.0,6.3082281236395294,2462,336,6,0.1364744110479285,0.0024370430544272
3359,451,1787,0.2523782876329043,236,58.0,1.7423230974632842,3267,681,3,0.2084481175390266,0.0009182736455463
32577,227,741,0.3063427800269905,42,157.0,7.938202247191011,1239,261,0,0.2106537530266344,0.0
4379,300,1380,0.217391304347826,157,66.0,2.978936810431294,2293,445,4,0.1940689053641517,0.0017444395987788
4238,189,954,0.1981132075471698,78,132.0,5.553997194950912,1758,359,2,0.2042093287827076,0.0011376564277588
292991,337,1005,0.3353233830845771,55,147.0,6.736252545824847,1534,310,3,0.2020860495436766,0.0019556714471968
4303,624,1789,0.3487982112912241,173,287.0,7.756756756756757,2788,546,2,0.1958393113342898,0.0007173601147776
3803,415,1520,0.2730263157894737,214,176.0,5.181550539744848,2349,535,4,0.2277564921243082,0.0017028522775649
3816,97,421,0.2304038004750593,38,48.0,2.656826568265682,1019,326,2,0.3199214916584887,0.0019627085377821
393881,26,172,0.1511627906976744,4,19.0,2.766990291262136,419,115,0,0.2744630071599045,0.0
14866,97,599,0.1619365609348914,42,47.0,2.799470549305096,1017,204,3,0.2005899705014749,0.0029498525073746
395636,72,554,0.1299638989169675,41,49.0,1.4322832088340371,1574,489,0,0.3106734434561626,0.0
269060,300,1131,0.2652519893899204,157,166.0,8.249585864163445,1938,414,2,0.2136222910216718,0.001031991744066
3428,219,334,0.655688622754491,11,48.0,2.0869565217391304,819,120,2,0.1465201465201465,0.0024420024420024
151,65,360,0.1805555555555555,36,31.0,2.082089552238806,827,281,3,0.339782345828295,0.0036275695284159
3407,296,852,0.3474178403755869,97,182.0,7.131040487592512,1391,331,3,0.2379583033788641,0.00215672178289
282448,111,483,0.2298136645962732,64,69.0,7.366548042704626,739,150,1,0.2029769959404601,0.0013531799729364
263105,163,902,0.1807095343680709,68,222.0,7.539622641509434,2135,539,1,0.2524590163934426,0.0004683840749414
93000,268,937,0.2860192102454642,121,234.0,7.532188841201717,2181,677,2,0.3104080696928015,0.0009170105456212
91702,158,908,0.1740088105726872,27,147.0,6.205440900562851,2046,504,3,0.2463343108504398,0.001466275659824
286448,167,592,0.2820945945945945,86,139.0,5.6863636363636365,1252,400,3,0.3194888178913738,0.0023961661341853
3267,362,519,0.697495183044316,117,62.0,1.878787878787879,1201,186,1,0.1548709408825978,0.0008326394671107
3599,3,20,0.15,1,3.0,5.0,48,13,1,0.2708333333333333,0.0208333333333333
3434,224,974,0.2299794661190965,97,146.0,7.920433996383363,1706,300,1,0.1758499413833528,0.0005861664712778
8311,298,975,0.3056410256410256,83,181.0,7.0856894301870375,1494,314,2,0.2101740294511379,0.001338688085676
278278,73,587,0.1243611584327086,33,60.0,2.1862348178137654,1718,506,1,0.2945285215366705,0.0005820721769499
3650,285,918,0.3104575163398693,142,195.0,7.340025094102886,1680,376,3,0.2238095238095238,0.0017857142857142
134769,33,302,0.1092715231788079,18,29.0,2.9129464285714284,719,189,0,0.2628650904033379,0.0
7908,21,206,0.1019417475728155,7,25.0,2.3316062176165806,629,230,2,0.3656597774244833,0.0031796502384737
38436,7,94,0.0744680851063829,3,15.0,2.8242677824267783,316,104,0,0.3291139240506329,0.0
385273,42,362,0.1160220994475138,15,26.0,1.4754098360655736,949,317,0,0.3340358271865121,0.0
211853,244,718,0.3398328690807799,58,135.0,7.803468208092485,1275,304,2,0.2384313725490196,0.0015686274509803
3339,240,1006,0.2385685884691848,105,179.0,7.486059479553903,1931,435,1,0.2252718798549974,0.0005178663904712
237034,199,908,0.2191629955947136,68,83.0,3.053965658217498,1942,461,0,0.2373841400617919,0.0
344068,482,1380,0.3492753623188406,138,287.0,8.779741672331747,2283,448,6,0.1962330267192291,0.0026281208935611
3676,762,2396,0.3180300500834724,373,258.0,7.338811630847029,3586,559,5,0.1558839933073061,0.0013943112102621
3667,216,878,0.2460136674259681,63,120.0,7.063440156965338,1478,296,2,0.2002706359945872,0.0013531799729364
86212,577,827,0.6977025392986699,16,44.0,1.6923076923076923,1267,164,2,0.1294396211523283,0.0015785319652722
3750,117,614,0.1905537459283387,55,128.0,7.408360128617363,1226,306,0,0.2495921696574225,0.0
230862,206,970,0.2123711340206185,107,137.0,5.851922164214523,1876,459,6,0.2446695095948827,0.0031982942430703
3408,113,539,0.209647495361781,59,133.0,8.37062937062937,1095,264,3,0.2410958904109589,0.0027397260273972
274435,40,346,0.1156069364161849,16,50.0,2.62085032032615,1205,393,0,0.3261410788381743,0.0
3470,437,1518,0.2878787878787879,198,197.0,6.463725847612103,2480,527,4,0.2125,0.0016129032258064
3280,665,2038,0.3263002944062806,370,126.0,4.721065778517902,3178,626,7,0.1969792322215229,0.0022026431718061
255738,254,1012,0.2509881422924901,123,165.0,6.94249649368864,1786,373,7,0.2088465845464725,0.0039193729003359
86828,315,1170,0.2692307692307692,135,152.0,7.808219178082193,1842,348,1,0.1889250814332247,0.000542888165038
247220,81,518,0.1563706563706563,28,81.0,4.061281337047354,1187,378,3,0.3184498736310025,0.0025273799494524
15214,128,495,0.2585858585858586,41,98.0,6.94488188976378,904,207,0,0.2289823008849557,0.0
5383,112,467,0.2398286937901499,61,47.0,3.9166666666666665,862,196,1,0.2273781902552204,0.0011600928074245
286963,74,361,0.2049861495844875,34,53.0,5.903465346534653,657,160,2,0.243531202435312,0.0030441400304414
280383,153,599,0.2554257095158597,80,69.0,3.932868904369855,1237,315,0,0.2546483427647534,0.0
254189,108,615,0.1756097560975609,45,97.0,4.971526195899772,1467,481,3,0.3278800272665303,0.0020449897750511
279571,4,30,0.1333333333333333,1,1.0,0.5202312138728323,97,36,0,0.3711340206185567,0.0
3337,218,694,0.3141210374639769,40,68.0,6.9230769230769225,911,126,0,0.1383095499451152,0.0
372752,197,954,0.2064989517819706,99,93.0,3.522727272727273,1753,430,1,0.2452937820878494,0.0005704506560182
3934,118,595,0.1983193277310924,50,69.0,3.136363636363636,1309,351,2,0.2681436210847975,0.001527883880825
6370,118,776,0.152061855670103,71,107.0,3.788355625491739,1505,424,3,0.2817275747508305,0.0019933554817275
4683,34,294,0.1156462585034013,15,55.0,4.652255639097744,646,196,0,0.3034055727554179,0.0
6513,119,471,0.2526539278131635,43,115.0,7.456772334293948,1029,312,0,0.3032069970845481,0.0
4326,64,235,0.2723404255319149,25,38.0,5.634266886326194,450,128,0,0.2844444444444444,0.0
396475,71,432,0.1643518518518518,23,51.0,6.055408970976253,764,156,1,0.2041884816753926,0.0013089005235602
56025,146,709,0.2059238363892807,77,65.0,4.62085308056872,1025,218,2,0.2126829268292683,0.0019512195121951
32601,5,122,0.040983606557377,3,16.0,4.0,313,90,0,0.2875399361022364,0.0
4009,109,479,0.2275574112734864,44,57.0,4.584450402144772,811,170,5,0.2096177558569667,0.0061652281134401
91064,147,489,0.3006134969325153,67,99.0,7.321281840591618,819,196,1,0.2393162393162393,0.0012210012210012
450784,50,255,0.196078431372549,24,10.0,1.325478645066274,424,82,0,0.1933962264150943,0.0
3856,61,203,0.3004926108374384,27,46.0,7.212543554006968,443,124,2,0.2799097065462754,0.0045146726862302
375771,2,24,0.0833333333333333,0,8.0,7.128712871287129,75,34,0,0.4533333333333333,0.0
286994,26,93,0.2795698924731182,5,18.0,6.982758620689655,169,37,0,0.2189349112426035,0.0
20393,189,539,0.3506493506493506,69,93.0,6.696,836,159,2,0.1901913875598086,0.0023923444976076
40756,422,1648,0.2560679611650485,178,289.0,10.007695267410543,2619,461,6,0.1760213822069492,0.0022909507445589
69404,209,769,0.2717815344603381,107,60.0,5.421686746987952,1135,130,2,0.1145374449339207,0.0017621145374449
25397,518,1539,0.336582196231319,154,204.0,8.387391502969392,2136,236,6,0.1104868913857678,0.0028089887640449
275293,15,118,0.1271186440677966,7,27.0,5.799522673031026,300,110,0,0.3666666666666666,0.0
293857,9,52,0.173076923076923,1,9.0,2.956204379562044,155,61,0,0.3935483870967742,0.0
222770,182,964,0.1887966804979253,73,92.0,5.5347593582887695,1608,233,3,0.1449004975124378,0.001865671641791
3348,37,415,0.0891566265060241,10,34.0,3.276231263383297,779,201,2,0.2580231065468549,0.0025673940949935
7302,258,722,0.3573407202216066,51,122.0,6.285060103033772,1132,255,1,0.2252650176678445,0.0008833922261484
26032,65,295,0.2203389830508474,35,57.0,5.024485798237023,659,173,0,0.2625189681335356,0.0
250899,54,237,0.2278481012658227,18,48.0,4.821428571428571,587,162,0,0.2759795570698466,0.0
208694,301,934,0.3222698072805139,65,248.0,8.28200371057514,1660,440,2,0.2650602409638554,0.0012048192771084
5481,27,314,0.0859872611464968,8,38.0,2.3799582463465554,848,233,0,0.2747641509433962,0.0
86716,85,294,0.2891156462585034,29,84.0,7.714285714285714,548,141,0,0.2572992700729927,0.0
26038,21,95,0.2210526315789473,5,6.0,2.583732057416268,199,39,0,0.1959798994974874,0.0
3677,23,129,0.1782945736434108,19,12.0,4.778761061946903,200,43,0,0.215,0.0
285491,14,22,0.6363636363636364,3,1.0,0.5,64,11,0,0.171875,0.0
3821,281,410,0.6853658536585366,20,31.0,1.8915254237288133,742,104,1,0.1401617250673854,0.0013477088948787
21507,256,1265,0.2023715415019762,125,173.0,6.074912212251268,2175,490,1,0.225287356321839,0.0004597701149425
14745,226,824,0.2742718446601941,97,104.0,5.992317541613317,1473,312,2,0.2118126272912423,0.0013577732518669
248950,324,1201,0.2697751873438801,106,268.0,9.280492497114276,2194,490,4,0.2233363719234275,0.0018231540565177
20938,89,478,0.1861924686192468,38,165.0,10.546875,1032,237,2,0.2296511627906976,0.001937984496124
234533,26,172,0.1511627906976744,7,29.0,2.7884615384615383,654,235,0,0.3593272171253822,0.0
286223,342,1485,0.2303030303030303,180,208.0,6.311530681051922,2746,697,2,0.253823743627094,0.0007283321194464
20842,323,901,0.3584905660377358,107,193.0,6.627241510873712,1775,506,1,0.2850704225352112,0.0005633802816901
354123,197,753,0.2616201859229747,72,126.0,5.6055363321799305,1447,423,6,0.2923289564616448,0.0041465100207325
21639,436,1112,0.3920863309352518,127,218.0,8.806104129263913,1801,384,2,0.2132148806218767,0.0011104941699056
23314,61,515,0.1184466019417475,23,41.0,2.301933873986276,1196,302,2,0.2525083612040134,0.0016722408026755
92900,44,195,0.2256410256410256,12,63.0,8.253275109170305,522,177,0,0.3390804597701149,0.0
134413,273,411,0.6642335766423357,36,48.0,1.702127659574468,1000,140,1,0.14,0.001
116171,67,457,0.1466083150984682,44,49.0,2.653429602888087,1088,365,5,0.3354779411764705,0.0045955882352941
20478,27,186,0.1451612903225806,11,12.0,1.197339246119734,473,147,0,0.3107822410147992,0.0
265865,349,1671,0.2088569718731298,192,156.0,4.929775280898876,3173,766,4,0.2414119130160731,0.0012606366214938
21315,810,3118,0.259781911481719,573,189.0,6.392333709131905,3830,560,1,0.1462140992167102,0.0002610966057441
20561,262,1254,0.2089314194577352,110,172.0,6.326113608500204,2451,578,8,0.2358221134230926,0.0032639738882088
21384,75,746,0.1005361930294906,35,42.0,1.3790587376869756,1568,415,0,0.2646683673469387,0.0
3484,387,1527,0.2534381139489194,217,96.0,3.227493462831528,2685,683,0,0.2543761638733706,0.0
7949,589,813,0.7244772447724477,11,50.0,1.351351351351351,1307,141,2,0.1078806426931905,0.0015302218821729
7926,27,177,0.1525423728813559,17,14.0,3.36,387,103,2,0.2661498708010336,0.0051679586563307
135150,25,248,0.1008064516129032,13,20.0,1.939655172413793,776,240,0,0.3092783505154639,0.0
20404,371,1492,0.2486595174262734,192,158.0,5.019414048711613,2763,689,4,0.2493666304741223,0.0014477017734346
280419,198,1158,0.1709844559585492,94,128.0,4.808013355592654,2043,439,3,0.2148800783162016,0.0014684287812041
86366,359,1051,0.3415794481446241,81,210.0,9.550277918140477,1768,350,3,0.1979638009049773,0.0016968325791855
49979,69,323,0.2136222910216718,26,41.0,4.361702127659575,562,202,0,0.3594306049822064,0.0
20723,287,849,0.3380447585394582,88,203.0,10.579038795599304,1385,285,3,0.2057761732851985,0.0021660649819494
45579,43,220,0.1954545454545454,16,39.0,5.492957746478874,436,109,1,0.25,0.0022935779816513
285109,330,1716,0.1923076923076923,189,165.0,4.542673600489446,2961,634,7,0.2141168524147247,0.0023640661938534
14922,412,1823,0.2260010970927043,196,180.0,5.371352785145889,2926,498,4,0.1701982228298017,0.0013670539986329
135927,25,278,0.0899280575539568,17,21.0,2.047670639219935,707,229,0,0.3239038189533239,0.0
20579,428,1338,0.319880418535127,91,162.0,8.312428734321552,1811,221,3,0.1220320265046935,0.0016565433462175
14943,99,887,0.1116121758737316,42,117.0,4.402173913043478,1652,403,3,0.2439467312348668,0.0018159806295399
22380,269,1275,0.2109803921568627,140,158.0,5.087656529516995,2131,569,4,0.2670107930549038,0.001877053026748
246061,66,358,0.1843575418994413,27,49.0,5.358444714459296,742,158,1,0.2129380053908355,0.0013477088948787
256478,273,1260,0.2166666666666666,125,119.0,4.63035019455253,1936,412,6,0.2128099173553719,0.003099173553719
22323,152,610,0.2491803278688524,75,77.0,5.491283676703645,1137,253,4,0.2225153913808267,0.0035180299032541
21119,22,164,0.1341463414634146,9,32.0,3.654822335025381,499,181,0,0.3627254509018036,0.0
20633,445,612,0.7271241830065359,22,48.0,1.263157894736842,1454,180,0,0.123796423658872,0.0
415809,71,320,0.221875,23,113.0,8.539042821158692,821,292,1,0.3556638246041413,0.0012180267965895
20637,93,234,0.3974358974358974,18,37.0,6.1325966850828735,364,80,1,0.2197802197802197,0.0027472527472527
232822,365,1273,0.2867242733699921,140,243.0,7.700704225352112,2633,600,3,0.2278769464489176,0.0011393847322445
295273,115,617,0.186385737439222,58,115.0,5.766016713091923,1181,335,0,0.283657917019475,0.0
259292,52,424,0.1226415094339622,23,63.0,3.552631578947368,1013,285,3,0.2813425468904245,0.0029615004935834
388398,72,360,0.2,28,61.0,5.993449781659389,754,228,0,0.3023872679045092,0.0
300669,103,519,0.1984585741811175,49,75.0,6.267409470752089,859,202,2,0.2351571594877765,0.0023282887077997
21282,29,106,0.2735849056603773,15,11.0,4.805825242718447,167,34,0,0.2035928143712574,0.0
20414,113,524,0.215648854961832,62,153.0,8.748411689961882,1181,313,2,0.2650296359017781,0.0016934801016088
350032,51,405,0.1259259259259259,20,38.0,2.720763723150358,878,258,0,0.2938496583143508,0.0
22099,138,777,0.1776061776061776,70,142.0,7.522071806945262,1381,369,2,0.2671976828385228,0.001448225923244
22093,323,967,0.3340227507755946,60,266.0,8.382352941176471,1641,380,2,0.2315661182205972,0.0012187690432663
403546,16,155,0.1032258064516129,10,13.0,3.3815028901734103,296,86,0,0.2905405405405405,0.0
3475,121,832,0.1454326923076923,59,65.0,3.644859813084112,1655,342,0,0.2066465256797583,0.0
20626,33,233,0.1416309012875536,11,16.0,1.8508997429305916,513,145,0,0.2826510721247563,0.0
3543,498,1967,0.2531774275546518,268,142.0,4.968895800933126,2681,421,4,0.1570309585975382,0.0014919806042521
21094,476,1744,0.2729357798165137,194,209.0,6.2951807228915655,2905,596,2,0.2051635111876075,0.0006884681583476
138174,176,987,0.1783181357649442,83,130.0,5.48780487804878,1822,449,6,0.2464324917672886,0.0032930845225027
99833,304,1268,0.2397476340694006,117,225.0,8.15545710833669,2264,480,2,0.2120141342756183,0.0008833922261484
22270,611,1641,0.3723339427178549,156,193.0,6.569591527987898,2188,328,5,0.149908592321755,0.0022851919561243
405602,1,15,0.0666666666666666,0,1.0,2.903225806451613,23,4,0,0.1739130434782608,0.0
376362,208,661,0.3146747352496218,84,103.0,7.963917525773196,1070,169,2,0.1579439252336448,0.0018691588785046
385655,36,139,0.2589928057553957,4,29.0,8.907849829351536,246,49,0,0.1991869918699187,0.0
22135,25,195,0.1282051282051282,6,22.0,2.2448979591836733,435,134,3,0.3080459770114943,0.0068965517241379
82266,16,152,0.1052631578947368,9,11.0,2.5384615384615388,252,59,0,0.2341269841269841,0.0
22732,328,986,0.332657200811359,108,181.0,8.235591506572295,1601,350,3,0.2186133666458463,0.0018738288569643
410031,19,179,0.106145251396648,12,19.0,1.507936507936508,608,193,0,0.3174342105263157,0.0
21072,174,621,0.2801932367149758,32,164.0,8.222841225626741,1107,230,2,0.2077687443541102,0.001806684733514
21288,264,955,0.2764397905759162,119,126.0,6.491127647395535,1588,397,3,0.25,0.001889168765743
44251,154,665,0.231578947368421,57,90.0,7.019064124783362,1144,206,3,0.18006993006993,0.0026223776223776
263591,23,144,0.1597222222222222,12,34.0,6.876404494382022,302,113,1,0.3741721854304636,0.0033112582781456
21123,179,1090,0.1642201834862385,103,88.0,2.792665726375176,2292,678,5,0.2958115183246073,0.0021815008726003
25878,153,523,0.2925430210325048,28,128.0,8.12985179957657,819,196,2,0.2393162393162393,0.0024420024420024
292310,94,409,0.2298288508557457,47,78.0,6.929911154985192,831,270,2,0.3249097472924188,0.0024067388688327
45,28,133,0.2105263157894736,14,24.0,7.5,235,53,0,0.225531914893617,0.0
51151,96,481,0.1995841995841996,47,76.0,4.180929095354523,1024,348,2,0.33984375,0.001953125
127524,20,57,0.3508771929824561,8,9.0,8.526315789473683,91,6,0,0.0659340659340659,0.0
22614,85,265,0.320754716981132,14,73.0,9.125,438,122,2,0.2785388127853881,0.0045662100456621
125286,361,933,0.3869239013933547,80,175.0,8.089368258859784,1443,324,5,0.2245322245322245,0.0034650034650034
20519,122,305,0.4,12,50.0,7.177033492822966,477,70,1,0.1467505241090146,0.0020964360587002
252473,5,31,0.1612903225806451,2,4.0,4.931506849315069,68,24,0,0.3529411764705882,0.0
3548,10,101,0.099009900990099,7,8.0,2.845849802371541,188,47,0,0.25,0.0
293198,10,50,0.2,7,10.0,10.975609756097562,116,34,2,0.293103448275862,0.0172413793103448
20751,131,811,0.1615289765721331,64,55.0,3.634361233480176,1309,235,1,0.1795263559969442,0.0007639419404125
220341,79,391,0.2020460358056266,45,55.0,4.705323193916351,718,148,2,0.2061281337047353,0.0027855153203342
658,7,66,0.106060606060606,4,9.0,1.888111888111888,233,76,0,0.3261802575107296,0.0
15194,117,522,0.2241379310344827,58,51.0,3.929794520547945,878,297,1,0.3382687927107061,0.0011389521640091
14707,38,209,0.1818181818181818,15,26.0,4.090909090909091,475,130,1,0.2736842105263158,0.0021052631578947
253822,515,741,0.6950067476383266,37,65.0,1.911764705882353,1421,185,1,0.1301900070372977,0.0007037297677691
55990,259,1170,0.2213675213675213,133,243.0,7.819091884161601,2338,669,4,0.286142001710864,0.001710863986313
82340,235,1038,0.2263969171483622,110,201.0,6.396746817538897,2328,535,2,0.2298109965635738,0.0008591065292096
272440,213,902,0.2361419068736142,94,173.0,5.766666666666667,1961,548,4,0.279449260581336,0.0020397756246812
20692,40,356,0.1123595505617977,25,27.0,1.793357933579336,1145,370,0,0.3231441048034934,0.0
297957,190,580,0.3275862068965517,57,78.0,7.782705099778271,883,158,2,0.1789354473386183,0.0022650056625141
14923,203,540,0.3759259259259259,47,119.0,9.386503067484664,878,187,0,0.2129840546697038,0.0
69616,67,445,0.1505617977528089,33,65.0,3.3219761499148213,1413,510,0,0.3609341825902335,0.0
49856,396,1234,0.3209076175040519,111,205.0,8.0078125,1891,366,3,0.1935483870967742,0.0015864621893178
20402,222,997,0.2226680040120361,116,135.0,5.143945808636749,2114,576,4,0.2724692526017029,0.0018921475875118
14772,105,554,0.1895306859205776,46,99.0,7.425,1037,260,1,0.2507232401157184,0.0009643201542912
14798,276,1312,0.2103658536585365,127,204.0,8.579439252336448,2271,477,2,0.2100396301188903,0.0008806693086745
14731,52,467,0.1113490364025695,27,66.0,2.5537403267411865,1352,500,0,0.3698224852071006,0.0
224971,63,354,0.1779661016949152,32,60.0,4.66724286949006,824,265,1,0.3216019417475728,0.0012135922330097
393247,217,606,0.3580858085808581,67,99.0,7.179693795326349,957,195,4,0.2037617554858934,0.0041797283176593
258252,182,945,0.1925925925925926,71,175.0,7.18521897810219,1698,408,1,0.2402826855123674,0.0005889281507656
65596,189,829,0.2279855247285886,88,95.0,4.773869346733669,1480,418,2,0.2824324324324324,0.0013513513513513
14715,320,1022,0.3131115459882583,64,190.0,7.876554583141409,1624,284,6,0.1748768472906404,0.0036945812807881
279780,19,251,0.0756972111553784,10,37.0,2.636579572446556,852,256,0,0.3004694835680751,0.0
228768,446,1368,0.3260233918128655,144,156.0,5.787304204451773,2008,298,1,0.148406374501992,0.0004980079681274
14768,619,883,0.7010192525481314,55,43.0,1.303030303030303,1437,155,1,0.1078636047320807,0.0006958942240779
50023,8,113,0.0707964601769911,3,4.0,0.7843137254901962,279,96,0,0.3440860215053763,0.0
14888,166,610,0.2721311475409836,92,95.0,4.572192513368984,1379,381,1,0.2762871646120377,0.0007251631617113
14727,128,753,0.1699867197875166,62,29.0,1.7193675889328062,1412,245,0,0.1735127478753541,0.0
14732,124,958,0.1294363256784968,53,63.0,2.835,1576,442,1,0.2804568527918781,0.0006345177664974
224593,387,1854,0.2087378640776699,160,133.0,5.132933104631218,2778,435,4,0.1565874730021598,0.0014398848092152
3416,293,1113,0.2632524707996406,107,136.0,7.5977653631284925,1575,233,2,0.1479365079365079,0.0012698412698412
127796,112,704,0.1590909090909091,46,91.0,3.3955223880597014,1726,569,2,0.3296639629200463,0.0011587485515643
14857,406,1058,0.3837429111531191,112,267.0,9.20689655172414,1972,508,2,0.2576064908722109,0.0010141987829614
444439,31,141,0.2198581560283688,12,28.0,7.924528301886792,236,61,0,0.2584745762711864,0.0
14917,459,1336,0.343562874251497,111,183.0,7.827946768060837,1901,299,2,0.1572856391372961,0.0010520778537611
337903,9,48,0.1875,4,7.0,5.04,113,37,0,0.3274336283185841,0.0
15795,621,897,0.6923076923076923,45,63.0,1.8529411764705883,1592,200,0,0.1256281407035175,0.0
18982,150,859,0.1746216530849825,62,98.0,4.971815107102593,1636,398,2,0.2432762836185819,0.0012224938875305
14842,771,2125,0.3628235294117647,196,231.0,7.451612903225806,2834,408,2,0.1439661256175017,0.0007057163020465
15719,471,1372,0.3432944606413994,165,228.0,8.848641655886158,2224,432,5,0.1942446043165467,0.0022482014388489
134397,72,483,0.1490683229813664,30,57.0,3.3861386138613865,1088,277,2,0.2545955882352941,0.0018382352941176
15292,56,522,0.10727969348659,34,76.0,3.1404958677685952,1343,434,4,0.3231571109456441,0.0029784065524944
228765,37,279,0.1326164874551971,19,54.0,4.285714285714286,944,354,0,0.375,0.0
216074,295,1242,0.2375201288244766,120,173.0,5.088235294117647,2553,662,4,0.2593027810419114,0.0015667841754798
32959,162,603,0.2686567164179104,73,100.0,6.521739130434782,1128,252,1,0.2234042553191489,0.000886524822695
15276,206,917,0.2246455834242093,132,151.0,6.849798387096774,1995,558,6,0.2796992481203007,0.0030075187969924
8309,413,1275,0.323921568627451,82,169.0,6.6015625,1852,324,4,0.1749460043196544,0.0021598272138228
208652,85,599,0.1419031719532554,36,106.0,5.13179128563744,1275,394,0,0.3090196078431372,0.0
218896,45,296,0.152027027027027,28,35.0,4.239569313593539,601,160,0,0.2662229617304492,0.0
269490,30,185,0.1621621621621621,12,31.0,4.26605504587156,558,173,0,0.3100358422939068,0.0
14705,71,601,0.1181364392678868,41,61.0,2.30092204526404,1758,602,2,0.3424345847554039,0.0011376564277588
26115,567,1559,0.3636946760744067,142,337.0,10.523941707147811,2778,473,9,0.1702663786897048,0.0032397408207343
15781,138,737,0.1872455902306648,76,132.0,5.795121951219512,1496,373,3,0.249331550802139,0.0020053475935828
15777,467,1491,0.3132126089872569,219,223.0,7.879858657243816,2404,631,2,0.2624792013311148,0.0008319467554076
65180,124,676,0.1834319526627219,67,114.0,4.047337278106509,1561,489,0,0.313260730301089,0.0
20728,12,128,0.09375,12,9.0,1.2755905511811023,438,157,0,0.3584474885844749,0.0
15695,48,332,0.144578313253012,7,64.0,4.423963133640553,806,285,0,0.3535980148883375,0.0
15178,323,840,0.3845238095238095,94,218.0,9.01654411764706,1581,388,5,0.2454142947501581,0.0031625553447185
228980,305,1094,0.2787934186471663,146,258.0,8.961790814357391,2158,489,7,0.2265987025023169,0.0032437442075996
144766,100,515,0.1941747572815534,52,90.0,7.451701931922723,828,197,6,0.2379227053140096,0.0072463768115942
8628,36,425,0.0847058823529411,20,51.0,2.756756756756757,1086,347,0,0.3195211786372007,0.0
337647,70,102,0.6862745098039216,10,9.0,1.8,192,25,0,0.1302083333333333,0.0
223560,63,451,0.1396895787139689,23,58.0,2.976054732041049,1170,368,0,0.3145299145299145,0.0
255732,105,392,0.2678571428571428,30,74.0,7.672811059907834,602,142,1,0.2358803986710963,0.0016611295681063
272378,198,842,0.2351543942992874,73,146.0,6.776689014956163,1621,390,0,0.2405922270203578,0.0
25871,32,161,0.1987577639751552,13,26.0,4.178571428571429,381,128,0,0.3359580052493438,0.0
20680,312,853,0.365767878077374,92,221.0,9.925149700598803,1634,423,2,0.2588739290085679,0.0012239902080783
16110,293,1162,0.2521514629948365,159,144.0,6.3312164142647775,1915,385,2,0.2010443864229765,0.0010443864229765
352988,526,1355,0.3881918819188192,115,187.0,7.43046357615894,2137,410,5,0.1918577445016378,0.0023397285914833
14806,178,959,0.1856100104275286,84,79.0,4.427148194271481,1576,350,0,0.2220812182741116,0.0
134369,177,1016,0.1742125984251968,102,130.0,6.755196304849885,1460,225,0,0.1541095890410959,0.0
14775,240,1027,0.2336903602726387,99,152.0,5.899094437257439,2108,505,7,0.2395635673624288,0.0033206831119544
26021,389,1198,0.3247078464106844,135,196.0,7.583834909716251,2004,460,4,0.2295409181636726,0.0019960079840319
14802,122,587,0.2078364565587734,62,147.0,6.441090555014606,1276,373,3,0.2923197492163009,0.0023510971786833
20591,88,328,0.2682926829268293,28,91.0,7.905405405405405,642,170,0,0.2647975077881619,0.0
391449,24,44,0.5454545454545454,2,6.0,3.8297872340425534,75,18,0,0.24,0.0
18728,1,10,0.1,0,1.0,2.0454545454545454,31,9,0,0.2903225806451613,0.0
14786,68,509,0.1335952848722986,36,59.0,4.633507853403142,1020,259,1,0.2539215686274509,0.0009803921568627
212604,90,308,0.2922077922077922,43,36.0,5.418060200668896,521,120,0,0.2303262955854126,0.0
340476,61,228,0.2675438596491228,25,33.0,6.332622601279318,416,120,0,0.2884615384615384,0.0
14692,303,925,0.3275675675675675,119,206.0,9.90913949759487,1545,365,2,0.2362459546925566,0.001294498381877
15018,56,357,0.1568627450980392,16,63.0,5.0221434898139945,769,248,1,0.3224967490247074,0.0013003901170351
224965,71,271,0.2619926199261992,32,44.0,5.689655172413793,568,158,1,0.278169014084507,0.0017605633802816
231139,78,583,0.1337907375643224,19,27.0,2.1185701830863124,1114,217,1,0.1947935368043088,0.0008976660682226
15141,28,220,0.1272727272727272,19,24.0,3.53518821603928,451,129,0,0.2860310421286031,0.0
65207,13,90,0.1444444444444444,8,7.0,3.058252427184466,172,51,0,0.2965116279069767,0.0
15533,82,588,0.1394557823129251,61,60.0,3.595206391478029,1074,281,3,0.2616387337057728,0.0027932960893854
391387,12,115,0.1043478260869565,7,22.0,6.407766990291263,246,69,0,0.2804878048780488,0.0
222798,219,339,0.6460176991150443,32,32.0,2.1333333333333333,636,114,2,0.1792452830188679,0.0031446540880503
15543,35,277,0.1263537906137184,14,21.0,1.956521739130435,533,159,0,0.298311444652908,0.0
15812,41,199,0.2060301507537688,18,14.0,3.423913043478261,378,103,0,0.2724867724867725,0.0
425923,37,150,0.2466666666666666,12,33.0,7.173913043478262,323,79,0,0.2445820433436532,0.0
349099,60,336,0.1785714285714285,28,57.0,6.697127937336814,622,168,2,0.270096463022508,0.0032154340836012
20876,128,521,0.2456813819577735,68,112.0,9.04847396768402,977,234,2,0.2395087001023541,0.0020470829068577
263490,22,200,0.11,12,22.0,2.3404255319148937,640,185,2,0.2890625,0.003125
99749,31,40,0.775,5,2.0,1.1764705882352942,84,12,0,0.1428571428571428,0.0
38079,114,442,0.2579185520361991,49,104.0,6.596194503171248,1030,313,1,0.303883495145631,0.0009708737864077
37948,55,402,0.1368159203980099,27,38.0,1.8739726027397257,1091,378,0,0.3464711274060495,0.0
272338,76,407,0.1867321867321867,30,75.0,5.056179775280898,950,291,2,0.3063157894736842,0.0021052631578947
375001,242,777,0.3114543114543114,130,147.0,8.320754716981131,1415,377,2,0.2664310954063604,0.0014134275618374
25791,164,518,0.3166023166023166,64,149.0,8.52511125238398,1246,318,2,0.2552166934189406,0.0016051364365971
49919,180,654,0.2752293577981651,72,134.0,7.077464788732394,1352,360,2,0.2662721893491124,0.0014792899408284
25517,38,234,0.1623931623931624,21,39.0,2.3812754409769337,987,360,1,0.364741641337386,0.0010131712259371
134542,168,707,0.2376237623762376,81,52.0,4.8397104446742505,949,129,0,0.1359325605900948,0.0
328488,104,513,0.2027290448343079,39,51.0,5.128491620111732,883,140,0,0.1585503963759909,0.0
408827,47,358,0.1312849162011173,13,44.0,4.567474048442906,733,173,1,0.2360163710777626,0.0013642564802182
352992,15,105,0.1428571428571428,5,7.0,2.581967213114754,230,43,1,0.1869565217391304,0.0043478260869565
521939,1,17,0.0588235294117647,1,1.0,1.4285714285714286,51,21,0,0.4117647058823529,0.0
25641,260,653,0.3981623277182236,67,144.0,7.539267015706805,1129,305,3,0.2701505757307351,0.0026572187776793
25504,122,693,0.176046176046176,62,92.0,5.786163522012578,1283,239,4,0.186282151208106,0.0031176929072486
29137,98,333,0.2942942942942942,38,82.0,9.271356783919597,606,156,0,0.2574257425742574,0.0
410062,286,827,0.3458282950423216,78,133.0,7.537783375314861,1289,242,4,0.1877424359968968,0.0031031807602792
28529,407,1627,0.2501536570374923,176,251.0,7.301228183581125,3103,641,4,0.2065742829519819,0.0012890750886239
25632,490,689,0.7111756168359942,33,41.0,1.1388888888888888,1351,196,1,0.1450777202072538,0.000740192450037
40539,562,1571,0.3577339274347549,80,158.0,6.283694211224039,2041,244,2,0.1195492405683488,0.0009799118079372
3314,189,1117,0.1692032229185318,93,54.0,2.2913719943422914,1852,505,1,0.2726781857451404,0.0005399568034557
3334,415,1833,0.2264048008728859,208,159.0,6.827290076335879,2727,482,5,0.1767510084341767,0.0018335166850018
21174,57,488,0.1168032786885246,19,47.0,1.6344667697063369,963,272,0,0.2824506749740395,0.0
3315,137,483,0.2836438923395445,68,25.0,3.6945812807881775,716,112,0,0.1564245810055866,0.0
25714,325,1392,0.2334770114942528,168,70.0,2.672889266016122,2252,520,3,0.2309058614564831,0.0013321492007104
366401,458,1732,0.2644341801385681,220,273.0,10.09034907597536,2809,469,3,0.1669633321466714,0.001067995728017
14990,321,950,0.3378947368421052,93,196.0,7.596899224806202,1493,335,3,0.2243804420629604,0.0020093770931011
209086,192,989,0.1941354903943377,90,107.0,4.433701657458563,1975,491,2,0.2486075949367088,0.0010126582278481
37896,348,460,0.7565217391304347,34,56.0,1.9310344827586208,1087,170,0,0.15639374425023,0.0
280115,376,1371,0.274252370532458,200,71.0,4.654042243262928,1849,270,1,0.1460248783126014,0.0005408328826392
498357,18,238,0.0756302521008403,9,27.0,2.906698564593301,667,189,0,0.2833583208395802,0.0
209014,19,81,0.2345679012345679,7,4.0,2.0689655172413794,158,38,0,0.240506329113924,0.0
342743,309,1458,0.2119341563786008,106,274.0,7.856005097164702,2366,484,3,0.2045646661031276,0.0012679628064243
5167,53,438,0.1210045662100456,31,52.0,1.8615751789976132,1199,403,0,0.3361134278565471,0.0
1712,191,863,0.2213209733487833,74,117.0,6.568933250155958,1571,309,0,0.1966900063653723,0.0
26285,147,729,0.2016460905349794,52,126.0,6.476299257567105,1456,464,0,0.3186813186813186,0.0
25534,191,628,0.304140127388535,55,145.0,8.011049723756905,1270,320,5,0.2519685039370078,0.0039370078740157
209209,170,891,0.1907968574635241,88,124.0,4.953395472703062,1877,482,1,0.2567927543953117,0.0005327650506126
274344,308,1138,0.2706502636203866,147,202.0,6.997690531177829,1924,460,5,0.2390852390852391,0.0025987525987525
244357,248,1019,0.2433758586849853,89,187.0,8.068072866730585,1644,330,4,0.2007299270072992,0.0024330900243309
26086,366,1070,0.3420560747663551,59,204.0,6.426321316065804,1659,345,3,0.2079566003616636,0.0018083182640144
26265,328,1269,0.2584712371946414,127,225.0,6.818181818181818,2481,571,6,0.230149133413946,0.0024183796856106
38095,88,479,0.1837160751565762,49,59.0,2.8517722878625134,999,306,2,0.3063063063063063,0.002002002002002
27959,9,49,0.1836734693877551,5,8.0,5.538461538461538,138,45,0,0.3260869565217391,0.0
25411,130,919,0.1414581066376496,66,107.0,2.99813200498132,2162,644,1,0.2978723404255319,0.0004625346901017
25883,374,1058,0.3534971644612476,61,238.0,8.206896551724139,1677,294,4,0.1753130590339892,0.0023852116875372
330387,92,568,0.1619718309859155,37,69.0,3.915510718789407,1292,364,2,0.2817337461300309,0.001547987616099
50771,473,665,0.7112781954887218,49,49.0,1.2894736842105263,1401,203,1,0.1448965024982155,0.0007137758743754
25939,110,528,0.2083333333333333,56,95.0,6.195652173913043,1103,254,1,0.2302810516772439,0.0009066183136899
229697,36,245,0.1469387755102041,12,47.0,5.625,540,168,0,0.3111111111111111,0.0
26276,282,753,0.3745019920318725,81,243.0,8.861426256077797,1374,392,4,0.2852983988355167,0.0029112081513828
25741,22,170,0.1294117647058823,9,27.0,4.240837696335079,377,116,0,0.3076923076923077,0.0
242446,427,1461,0.2922655715263518,187,251.0,7.460369881109643,2956,763,7,0.2581190798376184,0.0023680649526387
83574,445,604,0.7367549668874173,30,60.0,1.6216216216216215,1328,163,0,0.1227409638554216,0.0
217874,361,1310,0.2755725190839694,196,255.0,8.170167319330723,2344,552,7,0.2354948805460751,0.0029863481228668
8326,110,730,0.1506849315068493,75,48.0,1.8914185639229424,1552,428,1,0.2757731958762887,0.0006443298969072
364644,193,819,0.2356532356532356,80,84.0,5.604151223128243,1236,238,2,0.1925566343042071,0.0016181229773462
25715,293,1221,0.2399672399672399,139,103.0,2.9279848389134555,2380,686,0,0.288235294117647,0.0
276944,163,1052,0.1549429657794676,75,105.0,3.67704280155642,2223,599,1,0.2694556905083221,0.0004498425551057
209211,20,107,0.1869158878504672,9,17.0,3.6602870813397126,296,94,2,0.3175675675675675,0.0067567567567567
26069,27,274,0.0985401459854014,13,75.0,7.687927107061503,723,240,1,0.3319502074688796,0.0013831258644536
25521,244,338,0.7218934911242604,34,30.0,1.7647058823529411,804,89,0,0.1106965174129353,0.0
28866,166,821,0.2021924482338611,78,173.0,6.734429065743944,1691,506,3,0.299231224127735,0.0017740981667652
415917,13,41,0.3170731707317073,6,4.0,4.337349397590361,59,15,1,0.2542372881355932,0.0169491525423728
295761,154,895,0.1720670391061452,59,117.0,4.037576687116564,2114,578,3,0.2734153263954588,0.0014191106906338
26006,1,19,0.0526315789473684,0,4.0,5.217391304347826,60,30,0,0.5,0.0
14945,69,546,0.1263736263736263,31,47.0,1.9140271493212668,1512,453,3,0.2996031746031746,0.0019841269841269
134540,155,919,0.1686615886833514,62,118.0,6.228739002932552,1591,293,2,0.1841609050911376,0.0012570710245128
26016,511,695,0.7352517985611511,30,63.0,1.6578947368421053,1383,186,1,0.1344902386117136,0.0007230657989877
143189,24,244,0.0983606557377049,9,41.0,2.8760717069368664,808,256,0,0.3168316831683168,0.0
25625,197,660,0.2984848484848484,97,103.0,7.977624784853701,1187,241,2,0.2030328559393429,0.0016849199663016
7986,124,563,0.2202486678507993,56,81.0,6.2042553191489365,1004,233,3,0.2320717131474103,0.0029880478087649
273819,134,637,0.2103610675039246,55,94.0,6.004258339247694,1194,294,2,0.2462311557788944,0.0016750418760469
393214,223,1108,0.2012635379061371,102,257.0,8.323137819359482,2563,598,5,0.2333203277409286,0.0019508388607101
25826,354,1682,0.2104637336504161,191,298.0,8.813670719684522,3132,758,6,0.2420178799489144,0.0019157088122605
448079,52,412,0.1262135922330097,17,52.0,2.502673796791444,1175,294,0,0.2502127659574468,0.0
26024,71,276,0.2572463768115942,14,50.0,7.234726688102894,469,94,1,0.2004264392324093,0.0021321961620469
215036,402,1249,0.321857485988791,137,213.0,6.761904761904762,2062,410,2,0.1988360814742968,0.0009699321047526
25835,128,575,0.2226086956521739,49,62.0,3.8912133891213383,1066,287,2,0.2692307692307692,0.0018761726078799
247162,6,102,0.0588235294117647,2,27.0,6.883852691218131,269,75,2,0.2788104089219331,0.0074349442379182
30427,185,873,0.2119129438717067,90,139.0,6.619047619047619,1450,339,4,0.2337931034482758,0.0027586206896551
135901,219,802,0.2730673316708229,86,138.0,7.216734456711213,1499,329,4,0.219479653102068,0.0026684456304202
25941,1,15,0.0666666666666666,0,0.0,0.0,25,8,0,0.32,0.0
28335,249,1173,0.2122762148337595,139,177.0,6.483516483516484,2385,535,3,0.2243186582809224,0.0012578616352201
8533,90,435,0.2068965517241379,44,17.0,1.554878048780488,724,155,2,0.2140883977900552,0.0027624309392265
26938,70,94,0.7446808510638298,10,11.0,1.658291457286432,219,27,0,0.1232876712328767,0.0
25891,148,661,0.2239031770045385,70,76.0,5.025716385011021,1158,320,2,0.2763385146804836,0.001727115716753
25859,95,273,0.3479853479853479,27,52.0,6.273458445040214,424,85,2,0.2004716981132075,0.0047169811320754
25937,218,927,0.2351672060409924,87,159.0,6.419919246298789,1504,377,1,0.2506648936170212,0.0006648936170212
382,24,230,0.1043478260869565,10,18.0,1.346633416458853,825,280,1,0.3393939393939394,0.0012121212121212
70711,137,469,0.2921108742004264,26,95.0,7.154811715481171,739,146,1,0.1975642760487145,0.0013531799729364
25399,129,486,0.2654320987654321,36,65.0,5.921052631578947,828,224,1,0.2705314009661835,0.001207729468599
25406,35,183,0.1912568306010929,24,13.0,2.752941176470588,291,57,0,0.1958762886597938,0.0
396616,118,483,0.2443064182194617,51,61.0,4.537190082644628,987,192,1,0.1945288753799392,0.0010131712259371
217872,74,479,0.1544885177453027,21,44.0,2.788732394366197,845,235,1,0.2781065088757396,0.0011834319526627
3573,439,991,0.4429868819374369,133,172.0,8.19047619047619,1493,270,3,0.1808439383791024,0.0020093770931011
26676,171,245,0.6979591836734694,27,31.0,1.9135802469135803,599,107,0,0.1786310517529215,0.0
70981,184,827,0.2224909310761789,67,106.0,7.378190255220417,1389,268,1,0.1929445644348452,0.0007199424046076
404226,13,135,0.0962962962962963,6,10.0,2.7777777777777777,277,65,1,0.2346570397111913,0.003610108303249
449985,1,18,0.0555555555555555,1,4.0,4.556962025316456,47,11,0,0.2340425531914893,0.0
25427,151,705,0.2141843971631205,65,91.0,6.982097186700767,1123,203,3,0.1807658058771148,0.0026714158504007
25562,54,255,0.2117647058823529,24,18.0,2.0300751879699246,454,112,0,0.2466960352422907,0.0
29843,27,111,0.2432432432432432,16,19.0,5.119760479041916,269,70,0,0.2602230483271375,0.0
76201,31,105,0.2952380952380952,5,16.0,6.153846153846153,185,37,1,0.2,0.0054054054054054
331918,4,11,0.3636363636363636,3,1.0,3.4615384615384617,28,7,0,0.25,0.0
144867,270,1032,0.2616279069767442,89,151.0,7.479361585030269,1924,393,4,0.2042619542619542,0.002079002079002
25439,382,1279,0.2986708365910868,156,90.0,6.553398058252427,1640,188,4,0.1146341463414634,0.0024390243902439
15062,36,54,0.6666666666666666,0,8.0,2.0,104,10,1,0.0961538461538461,0.0096153846153846
397030,6,16,0.375,0,1.0,3.6,20,1,0,0.05,0.0
229078,14,20,0.7,1,4.0,2.0,48,8,0,0.1666666666666666,0.0
25596,182,645,0.2821705426356589,81,98.0,8.505303760848602,957,168,2,0.1755485893416928,0.0020898641588296
8268,177,504,0.3511904761904761,76,75.0,5.994671403197158,848,209,1,0.2464622641509433,0.0011792452830188
278513,1,25,0.04,1,5.0,4.166666666666667,78,26,1,0.3333333333333333,0.0128205128205128
26311,335,1366,0.2452415812591508,174,183.0,6.086474501108648,2240,501,10,0.2236607142857143,0.0044642857142857
499295,7,35,0.2,4,4.0,4.0,73,23,0,0.3150684931506849,0.0
259531,3,23,0.1304347826086956,1,8.0,12.203389830508474,37,5,0,0.1351351351351351,0.0
486252,60,226,0.2654867256637168,21,81.0,11.60828025477707,514,135,3,0.2626459143968871,0.0058365758754863
279717,101,547,0.1846435100548446,35,91.0,9.019823788546256,939,193,6,0.2055378061767838,0.0063897763578274
120,4,45,0.0888888888888888,3,8.0,3.2142857142857144,121,45,0,0.371900826446281,0.0
8135,110,487,0.2258726899383983,50,69.0,7.880710659898476,823,160,3,0.1944106925880923,0.0036452004860267
8246,10,51,0.196078431372549,4,4.0,2.7906976744186047,93,22,0,0.2365591397849462,0.0
40787,16,156,0.1025641025641025,8,16.0,4.8979591836734695,280,51,0,0.1821428571428571,0.0
7978,181,597,0.3031825795644891,83,156.0,8.758577666874611,1162,315,1,0.2710843373493976,0.0008605851979345
26109,0,2,0.0,0,0.0,0.0,2,0,0,0.0,0.0
404397,2,29,0.0689655172413793,0,2.0,3.6,68,18,0,0.2647058823529412,0.0
8017,11,67,0.1641791044776119,5,7.0,4.883720930232558,101,28,2,0.2772277227722772,0.0198019801980198
40765,21,142,0.1478873239436619,9,11.0,3.5231316725978647,300,67,0,0.2233333333333333,0.0
277002,31,222,0.1396396396396396,12,22.0,3.3904109589041096,470,99,0,0.2106382978723404,0.0
448708,2,6,0.3333333333333333,1,1.0,12.857142857142858,14,3,0,0.2142857142857142,0.0
241564,124,666,0.1861861861861861,75,33.0,5.572232645403377,838,78,0,0.0930787589498806,0.0
49859,137,358,0.38268156424581,20,66.0,7.333333333333333,595,123,0,0.2067226890756302,0.0
240032,53,167,0.3173652694610778,15,27.0,5.651162790697675,282,88,0,0.3120567375886525,0.0
270828,9,82,0.1097560975609756,8,16.0,6.4,218,66,1,0.3027522935779816,0.0045871559633027
21333,5,26,0.1923076923076923,0,5.0,5.0,72,27,0,0.375,0.0
346159,4,35,0.1142857142857142,6,9.0,9.878048780487806,74,15,0,0.2027027027027027,0.0
365707,1,2,0.5,0,1.0,12.857142857142858,8,3,0,0.375,0.0
8278,116,728,0.1593406593406593,40,47.0,2.3486951693503606,1390,332,3,0.2388489208633093,0.0021582733812949
489417,14,77,0.1818181818181818,8,19.0,3.6774193548387095,281,103,0,0.3665480427046263,0.0
4355,144,435,0.3310344827586207,36,65.0,6.818181818181818,666,139,1,0.2087087087087087,0.0015015015015015
3937,31,181,0.1712707182320442,13,19.0,1.78125,489,166,0,0.3394683026584867,0.0
86319,501,766,0.6540469973890339,34,77.0,2.851851851851852,1412,223,1,0.1579320113314447,0.0007082152974504
5195,78,445,0.1752808988764045,37,79.0,4.879890185312285,1000,278,1,0.278,0.001
3642,243,647,0.3755795981452859,83,107.0,7.379310344827586,1001,178,2,0.1778221778221778,0.0019980019980019
112366,124,542,0.2287822878228782,37,87.0,6.641221374045802,996,261,0,0.2620481927710843,0.0
396484,2,34,0.0588235294117647,2,1.0,1.40625,62,14,0,0.2258064516129032,0.0
3779,22,95,0.231578947368421,10,8.0,3.243243243243243,183,53,0,0.2896174863387978,0.0
372753,62,494,0.1255060728744939,28,82.0,7.43202416918429,974,234,2,0.2402464065708419,0.002053388090349
3795,227,661,0.3434190620272315,49,51.0,4.84688489968321,930,123,0,0.132258064516129,0.0
3806,105,453,0.2317880794701986,46,81.0,7.538779731127198,940,242,1,0.2574468085106383,0.001063829787234
105587,15,24,0.625,1,1.0,0.5202312138728323,59,9,1,0.1525423728813559,0.0169491525423728
230857,186,412,0.4514563106796116,49,56.0,7.477744807121661,603,105,0,0.1741293532338308,0.0
279560,6,41,0.1463414634146341,5,10.0,11.842105263157896,85,20,0,0.2352941176470588,0.0
266312,7,16,0.4375,6,6.0,19.285714285714285,35,9,0,0.2571428571428571,0.0
3562,5,27,0.1851851851851851,4,7.0,6.176470588235294,65,22,0,0.3384615384615385,0.0
4232,76,274,0.2773722627737226,29,56.0,7.304347826086956,440,123,2,0.2795454545454545,0.0045454545454545
4329,37,113,0.3274336283185841,6,26.0,8.666666666666666,185,41,0,0.2216216216216216,0.0
257752,0,1,0.0,0,1.0,3.2142857142857144,11,5,0,0.4545454545454545,0.0
253551,3,23,0.1304347826086956,3,3.0,3.5064935064935066,62,17,0,0.2741935483870967,0.0
3394,7,44,0.1590909090909091,1,2.0,1.6216216216216215,105,30,0,0.2857142857142857,0.0
519496,10,41,0.2439024390243902,5,7.0,9.692307692307692,66,13,0,0.1969696969696969,0.0
20947,67,412,0.1626213592233009,28,35.0,1.913730255164034,1068,329,2,0.3080524344569288,0.0018726591760299
20604,74,111,0.6666666666666666,9,5.0,1.25,193,17,0,0.0880829015544041,0.0
173213,40,140,0.2857142857142857,22,43.0,10.32,301,88,0,0.292358803986711,0.0
18579,133,565,0.2353982300884955,57,84.0,6.406779661016949,1090,236,1,0.2165137614678899,0.0009174311926605
94650,5,54,0.0925925925925925,2,10.0,3.557312252964427,135,38,1,0.2814814814814815,0.0074074074074074
382289,0,1,0.0,0,1.0,6.428571428571429,9,4,0,0.4444444444444444,0.0
272436,2,22,0.0909090909090909,2,6.0,4.864864864864865,98,27,0,0.2755102040816326,0.0
286404,4,30,0.1333333333333333,2,5.0,6.081081081081082,75,27,1,0.36,0.0133333333333333
18974,105,339,0.3097345132743362,19,65.0,8.024691358024691,537,106,0,0.1973929236499069,0.0
520617,28,76,0.3684210526315789,14,11.0,6.428571428571429,114,17,0,0.1491228070175438,0.0
1722,15,99,0.1515151515151515,7,12.0,3.262839879154079,226,66,0,0.2920353982300885,0.0
14794,18,28,0.6428571428571429,3,1.0,1.0,50,13,0,0.26,0.0
92947,25,106,0.2358490566037736,8,37.0,9.098360655737704,253,80,0,0.3162055335968379,0.0
15131,54,215,0.2511627906976744,24,54.0,4.659635666347076,528,160,0,0.303030303030303,0.0
25700,130,613,0.2120717781402936,42,159.0,10.88212927756654,1229,299,1,0.243287225386493,0.000813669650122
209095,24,95,0.2526315789473684,12,15.0,4.856115107913669,202,45,1,0.2227722772277227,0.0049504950495049
25598,71,186,0.3817204301075269,20,36.0,9.364161849710982,295,51,0,0.1728813559322033,0.0
366542,38,141,0.2695035460992908,11,29.0,5.891647855530474,376,78,0,0.2074468085106383,0.0
343116,10,72,0.1388888888888889,4,9.0,4.709302325581395,135,33,0,0.2444444444444444,0.0
471774,0,17,0.0,1,2.0,1.5,48,11,0,0.2291666666666666,0.0
278913,2,22,0.0909090909090909,0,3.0,3.033707865168539,65,19,0,0.2923076923076923,0.0
14717,8,31,0.2580645161290322,2,11.0,9.339622641509434,63,20,0,0.3174603174603174,0.0
481329,4,39,0.1025641025641025,0,6.0,1.7880794701986755,187,70,0,0.374331550802139,0.0
344927,22,40,0.55,0,3.0,1.0588235294117647,117,17,0,0.1452991452991453,0.0
288423,9,42,0.2142857142857142,4,14.0,6.528497409326425,137,51,0,0.3722627737226277,0.0
229140,22,96,0.2291666666666666,16,15.0,6.053811659192825,172,55,0,0.3197674418604651,0.0
15474,3,15,0.2,1,3.0,8.709677419354838,24,7,0,0.2916666666666667,0.0
352328,0,23,0.0,1,7.0,3.4806629834254146,109,41,0,0.3761467889908257,0.0
405972,5,24,0.2083333333333333,4,12.0,12.0,66,16,1,0.2424242424242424,0.0151515151515151
6363,6,17,0.3529411764705882,2,2.0,2.0,45,13,0,0.2888888888888888,0.0
293856,1,3,0.3333333333333333,1,0.0,0.0,3,1,0,0.3333333333333333,0.0
167104,3,7,0.4285714285714285,1,1.0,6.923076923076923,13,3,0,0.2307692307692307,0.0
33,8,19,0.4210526315789473,0,1.0,1.0,40,6,0,0.15,0.0
520163,3,14,0.2142857142857142,2,3.0,2.4107142857142856,47,19,0,0.4042553191489361,0.0
286981,5,8,0.625,0,0.0,0.0,18,2,0,0.1111111111111111,0.0
376565,9,29,0.3103448275862069,1,7.0,8.076923076923077,62,16,0,0.2580645161290322,0.0
256854,1,14,0.0714285714285714,1,1.0,3.2142857142857144,23,6,0,0.2608695652173913,0.0
400564,1,1,1.0,0,0.0,0.0,4,2,0,0.5,0.0
405597,18,71,0.2535211267605634,7,10.0,10.344827586206897,123,21,0,0.1707317073170731,0.0
485464,2,5,0.4,0,1.0,45.0,8,1,0,0.125,0.0
116170,39,184,0.2119565217391304,16,35.0,11.842105263157894,317,80,1,0.252365930599369,0.0031545741324921
265431,20,29,0.6896551724137931,7,1.0,0.4186046511627907,72,19,0,0.2638888888888889,0.0
413041,57,169,0.3372781065088757,16,40.0,10.0,263,64,0,0.2433460076045627,0.0
388099,40,152,0.2631578947368421,12,20.0,4.400977995110025,268,82,1,0.3059701492537313,0.003731343283582
21128,1,3,0.3333333333333333,0,1.0,3.333333333333333,8,2,0,0.25,0.0
520774,1,6,0.1666666666666666,0,0.0,0.0,20,7,0,0.35,0.0
137298,20,66,0.303030303030303,4,3.0,2.454545454545454,108,21,1,0.1944444444444444,0.0092592592592592
404209,7,56,0.125,5,4.0,1.2996389891696751,184,64,0,0.3478260869565217,0.0
360778,6,15,0.4,2,1.0,2.7272727272727275,34,13,0,0.3823529411764705,0.0
361779,1,27,0.037037037037037,0,12.0,8.64,94,26,1,0.2765957446808511,0.0106382978723404
21573,19,27,0.7037037037037037,0,4.0,2.0,81,10,0,0.1234567901234567,0.0
419204,2,13,0.1538461538461538,1,3.0,3.857142857142857,50,19,0,0.38,0.0
472938,4,8,0.5,0,3.0,3.0,33,10,0,0.303030303030303,0.0
368340,2,32,0.0625,1,1.0,2.647058823529412,61,15,0,0.2459016393442623,0.0
20506,13,92,0.1413043478260869,2,5.0,1.956521739130435,161,37,0,0.2298136645962732,0.0
26336,73,221,0.3303167420814479,25,21.0,6.517241379310344,301,55,1,0.1827242524916943,0.0033222591362126
297701,1,19,0.0526315789473684,0,6.0,7.605633802816902,54,19,0,0.3518518518518518,0.0
14758,24,116,0.2068965517241379,7,5.0,2.2727272727272725,199,41,0,0.2060301507537688,0.0
14766,164,272,0.6029411764705882,17,31.0,2.2142857142857144,543,79,1,0.14548802946593,0.001841620626151
18544,8,43,0.1860465116279069,3,2.0,2.1951219512195124,67,13,0,0.1940298507462686,0.0
49883,20,31,0.6451612903225806,0,2.0,2.0,47,5,0,0.1063829787234042,0.0
54313,14,57,0.2456140350877192,7,4.0,2.4827586206896552,100,29,0,0.29,0.0
243931,24,129,0.1860465116279069,12,33.0,6.629464285714286,318,94,0,0.2955974842767295,0.0
302908,36,84,0.4285714285714285,5,8.0,8.0,105,10,0,0.0952380952380952,0.0
135937,56,268,0.208955223880597,35,39.0,5.154185022026432,483,118,0,0.2443064182194617,0.0
25467,8,42,0.1904761904761904,5,1.0,1.4285714285714286,56,10,1,0.1785714285714285,0.0178571428571428
342194,0,2,0.0,0,2.0,18.0,6,3,0,0.5,0.0
222761,27,98,0.2755102040816326,12,9.0,3.6818181818181817,174,52,0,0.2988505747126437,0.0
207002,1,17,0.0588235294117647,0,1.0,0.743801652892562,78,21,0,0.2692307692307692,0.0
367146,5,44,0.1136363636363636,5,3.0,3.6,78,23,0,0.2948717948717949,0.0
8624,22,101,0.2178217821782178,10,20.0,8.695652173913045,175,47,1,0.2685714285714285,0.0057142857142857
274488,14,69,0.2028985507246377,7,10.0,4.090909090909091,152,50,1,0.3289473684210526,0.006578947368421
25604,2,25,0.08,3,10.0,10.843373493975903,56,21,1,0.375,0.0178571428571428
297258,1,6,0.1666666666666666,0,1.0,6.923076923076923,17,6,0,0.3529411764705882,0.0
402014,8,33,0.2424242424242424,2,3.0,3.6486486486486487,61,19,0,0.3114754098360656,0.0
491451,2,6,0.3333333333333333,0,0.0,0.0,9,1,0,0.1111111111111111,0.0
461671,0,1,0.0,0,0.0,0.0,4,2,0,0.5,0.0
134419,21,84,0.25,15,14.0,7.974683544303797,149,20,0,0.1342281879194631,0.0
239294,1,11,0.0909090909090909,1,0.0,0.0,12,0,0,0.0,0.0
14764,2,9,0.2222222222222222,0,3.0,5.0,42,18,0,0.4285714285714285,0.0
493725,0,4,0.0,0,1.0,9.0,8,2,0,0.25,0.0
333477,8,13,0.6153846153846154,0,2.0,4.090909090909091,29,2,0,0.0689655172413793,0.0
216077,3,17,0.1764705882352941,3,6.0,16.363636363636363,34,10,0,0.2941176470588235,0.0
221376,83,384,0.2161458333333333,29,63.0,9.46577629382304,631,123,1,0.1949286846275753,0.0015847860538827
15192,3,12,0.25,3,1.0,3.4615384615384617,22,3,0,0.1363636363636363,0.0
367620,9,37,0.2432432432432432,4,1.0,1.0,65,14,0,0.2153846153846154,0.0
16411,17,26,0.6538461538461539,1,0.0,0.0,45,9,0,0.2,0.0
391643,38,136,0.2794117647058823,11,25.0,8.333333333333334,199,41,1,0.2060301507537688,0.0050251256281407
282194,6,24,0.25,3,4.0,9.72972972972973,47,13,0,0.2765957446808511,0.0
6950,3,6,0.5,1,1.0,3.4615384615384617,13,4,0,0.3076923076923077,0.0
207061,0,4,0.0,0,1.0,3.103448275862069,25,7,0,0.28,0.0
280116,3,27,0.1111111111111111,1,4.0,4.0,79,25,1,0.3164556962025316,0.0126582278481012
285139,0,4,0.0,0,1.0,10.0,6,2,0,0.3333333333333333,0.0
101555,3,25,0.12,1,0.0,0.0,57,17,0,0.2982456140350877,0.0
376908,5,40,0.125,2,5.0,3.435114503816794,88,25,0,0.2840909090909091,0.0
20857,8,189,0.0423280423280423,4,16.0,1.343283582089552,457,168,0,0.3676148796498906,0.0
8480,453,639,0.7089201877934272,63,57.0,1.729602157788267,1375,237,2,0.1723636363636363,0.0014545454545454
61941,175,285,0.6140350877192983,23,15.0,0.75,628,126,0,0.2006369426751592,0.0
149019,216,903,0.2392026578073089,76,231.0,8.992214532871971,1784,462,0,0.2589686098654709,0.0
31528,546,2100,0.26,278,241.0,7.242070116861435,3104,481,5,0.1549613402061855,0.001610824742268
8625,129,896,0.1439732142857142,37,116.0,4.929178470254957,1748,402,1,0.2299771167048055,0.0005720823798627
8897,334,1329,0.2513167795334838,151,245.0,9.048009848173985,2113,423,3,0.2001893043066729,0.0014197823000473
14796,153,662,0.2311178247734139,53,111.0,6.275125628140703,1263,359,4,0.2842438638163104,0.0031670625494853
3360,94,676,0.1390532544378698,43,55.0,3.248031496062992,1168,274,1,0.2345890410958904,0.0008561643835616
38093,33,238,0.1386554621848739,24,27.0,2.0420168067226894,691,241,0,0.3487698986975397,0.0
8422,107,663,0.1613876319758672,39,73.0,2.5764705882352943,2030,574,3,0.2827586206896552,0.0014778325123152
8554,286,838,0.3412887828162291,55,247.0,9.309045226130651,1568,386,1,0.2461734693877551,0.0006377551020408
8391,108,156,0.6923076923076923,24,10.0,0.9090909090909092,356,67,0,0.1882022471910112,0.0
454,212,914,0.2319474835886214,88,148.0,6.0961098398169336,1701,427,3,0.2510288065843621,0.001763668430335
77548,301,1302,0.2311827956989247,153,258.0,7.390197326543602,2458,624,4,0.2538649308380797,0.0016273393002441
93,132,840,0.1571428571428571,39,124.0,3.932346723044397,1897,561,0,0.2957301001581444,0.0
8094,458,666,0.6876876876876877,129,62.0,1.7714285714285714,1544,294,1,0.1904145077720207,0.0006476683937823
9433,377,1028,0.3667315175097276,110,294.0,9.483870967741936,1879,470,3,0.2501330494944119,0.001596593932943
8747,32,383,0.0835509138381201,22,45.0,2.6061776061776065,1261,405,1,0.3211736716891356,0.0007930214115781
8125,370,1532,0.2415143603133159,190,231.0,6.078947368421052,2537,619,2,0.2439889633425305,0.0007883326763894
8731,204,595,0.3428571428571428,64,240.0,9.106239460370997,1402,420,2,0.2995720399429387,0.0014265335235378
107,249,1041,0.239193083573487,105,288.0,9.529411764705882,2188,594,2,0.2714808043875685,0.0009140767824497
65254,174,488,0.3565573770491803,60,126.0,8.571428571428571,889,225,0,0.2530933633295838,0.0
9127,12,146,0.0821917808219178,6,22.0,2.018348623853211,668,247,0,0.3697604790419161,0.0
15198,93,621,0.1497584541062802,43,112.0,4.456233421750663,1616,466,2,0.2883663366336633,0.0012376237623762
38021,592,2672,0.2215568862275449,321,135.0,3.939688715953308,3972,851,4,0.2142497482376636,0.0010070493454179
8307,470,1391,0.3378864126527678,126,102.0,6.571224051539012,1747,158,4,0.090440755580996,0.0022896393817973
7939,352,1360,0.2588235294117647,163,173.0,6.360294117647059,2423,579,2,0.2389599669830788,0.0008254230293025
70122,680,2456,0.2768729641693811,292,297.0,8.570054504648926,3591,567,7,0.1578947368421052,0.0019493177387914
340386,48,542,0.088560885608856,26,55.0,2.96229802513465,1158,326,3,0.2815198618307427,0.0025906735751295
7938,323,1643,0.1965916007303712,133,216.0,7.076811066618129,2721,471,1,0.1730981256890849,0.0003675119441381
71703,273,729,0.3744855967078189,55,103.0,7.236533957845434,1100,160,3,0.1454545454545454,0.0027272727272727
70085,141,387,0.3643410852713178,27,35.0,5.097087378640777,551,84,3,0.1524500907441016,0.0054446460980036
355937,159,475,0.3347368421052631,59,104.0,7.918781725888325,942,277,3,0.2940552016985138,0.0031847133757961
74,367,1130,0.3247787610619469,88,105.0,6.526243093922652,1530,192,1,0.1254901960784313,0.0006535947712418
257899,340,1328,0.2560240963855422,153,150.0,7.105263157894737,2124,400,2,0.1883239171374764,0.0009416195856873
353236,109,660,0.1651515151515151,51,85.0,4.019968470835523,1375,404,2,0.2938181818181818,0.0014545454545454
10131,538,777,0.6924066924066924,128,70.0,1.8421052631578947,1615,301,3,0.1863777089783281,0.0018575851393188
8514,300,430,0.6976744186046512,22,35.0,1.8421052631578947,706,101,1,0.1430594900849858,0.0014164305949008
286825,140,601,0.232945091514143,73,133.0,7.537783375314861,1327,385,1,0.2901281085154484,0.0007535795026375
7944,229,1120,0.2044642857142857,145,109.0,4.298860648553901,1915,531,6,0.2772845953002611,0.0031331592689295
293687,27,362,0.074585635359116,13,54.0,2.592,1471,526,0,0.3575798776342624,0.0
286831,20,171,0.1169590643274853,7,17.0,2.6288659793814437,487,158,0,0.324435318275154,0.0
8284,70,497,0.1408450704225352,30,95.0,4.446177847113884,1052,333,2,0.3165399239543726,0.0019011406844106
7870,250,1215,0.205761316872428,132,80.0,3.896103896103896,1860,384,7,0.2064516129032258,0.003763440860215
7855,629,1667,0.3773245350929814,179,242.0,9.77997305792546,2357,339,2,0.1438268985999151,0.0008485362749257
135114,217,1064,0.2039473684210526,114,149.0,8.025134649910234,1749,323,4,0.1846769582618639,0.0022870211549456
7873,158,783,0.2017879948914431,88,44.0,3.3361415332771696,1221,195,3,0.1597051597051597,0.0024570024570024
252365,219,1055,0.2075829383886256,72,219.0,6.935256861365235,2200,598,1,0.2718181818181818,0.0004545454545454
134294,97,496,0.1955645161290322,34,126.0,8.26530612244898,996,303,1,0.3042168674698795,0.001004016064257
230883,101,675,0.1496296296296296,55,119.0,4.278865361566121,1812,580,1,0.3200883002207506,0.0005518763796909
128214,2,48,0.0416666666666666,2,5.0,5.0,117,34,0,0.2905982905982906,0.0
9285,347,1581,0.2194813409234661,127,195.0,5.838323353293413,2743,645,1,0.2351440029165147,0.0003645643456069
62224,175,861,0.2032520325203252,63,78.0,3.49601593625498,1478,397,0,0.2686062246278755,0.0
8959,80,491,0.1629327902240326,32,61.0,4.236111111111111,936,245,1,0.2617521367521367,0.001068376068376
9739,134,712,0.1882022471910112,52,43.0,1.935,1495,389,4,0.2602006688963211,0.0026755852842809
8416,48,529,0.0907372400756143,30,62.0,2.531760435571688,1663,603,2,0.3625977149729404,0.0012026458208057
20855,107,463,0.2311015118790496,34,84.0,5.740318906605923,991,248,1,0.2502522704339051,0.0010090817356205
466,354,1341,0.2639821029082774,184,274.0,7.863520408163266,2218,612,3,0.2759242560865644,0.0013525698827772
7853,246,1063,0.231420507996237,83,213.0,6.771458848463441,1995,491,2,0.2461152882205513,0.0010025062656641
4365,144,661,0.2178517397881997,61,79.0,6.475409836065574,1020,192,4,0.188235294117647,0.0039215686274509
8358,417,580,0.7189655172413794,109,64.0,1.7297297297297298,1382,254,0,0.1837916063675832,0.0
7847,465,699,0.6652360515021459,54,45.0,1.1842105263157894,1504,224,2,0.1489361702127659,0.0013297872340425
8686,24,178,0.1348314606741573,12,25.0,2.717391304347826,627,235,0,0.3748006379585327,0.0
8192,243,1242,0.1956521739130435,84,168.0,4.793912492073558,2330,605,1,0.259656652360515,0.0004291845493562
471,17,154,0.1103896103896103,11,23.0,2.940340909090909,503,173,2,0.3439363817097415,0.003976143141153
8530,33,422,0.0781990521327014,18,86.0,5.536480686695279,1053,336,1,0.3190883190883191,0.0009496676163342
343951,21,241,0.0871369294605809,14,30.0,1.57251019219569,898,301,1,0.3351893095768374,0.0011135857461024
8945,228,1311,0.1739130434782608,98,153.0,7.190600522193211,2119,462,1,0.2180273714016045,0.0004719207173194
20441,53,427,0.1241217798594847,35,35.0,3.786057692307693,827,202,1,0.2442563482466747,0.0012091898428053
3343,10,78,0.1282051282051282,6,3.0,1.656441717791411,106,17,0,0.160377358490566,0.0
3350,646,2024,0.3191699604743083,341,131.0,5.077519379844961,2864,571,3,0.1993715083798882,0.0010474860335195
8553,209,647,0.3230293663060278,46,147.0,9.099037138927098,1016,204,0,0.2007874015748031,0.0
8677,54,392,0.1377551020408163,22,54.0,3.5893648449039883,1156,375,1,0.32439446366782,0.0008650519031141
265318,32,261,0.1226053639846743,18,46.0,4.887839433293979,518,139,0,0.2683397683397683,0.0
8460,168,920,0.1826086956521739,78,191.0,8.31237911025145,1824,409,3,0.2242324561403508,0.0016447368421052
25415,24,103,0.233009708737864,14,18.0,9.0,189,40,0,0.2116402116402116,0.0
20612,606,1656,0.3659420289855072,142,237.0,9.384073911130663,2487,463,5,0.1861680739847205,0.0020104543626859
7936,460,1661,0.2769416014449127,239,91.0,3.7794185509921543,2671,518,3,0.1939348558592287,0.0011231748408835
230020,228,1140,0.2,124,71.0,3.472826086956522,1730,291,5,0.1682080924855491,0.0028901734104046
18550,308,1487,0.2071284465366509,160,181.0,7.7793696275071635,2310,415,4,0.1796536796536796,0.0017316017316017
279709,10,50,0.2,5,9.0,4.821428571428571,117,40,0,0.3418803418803419,0.0
9623,86,471,0.1825902335456475,46,74.0,5.207193119624707,987,326,2,0.3302938196555218,0.0020263424518743
7958,113,334,0.3383233532934132,32,86.0,6.471571906354515,658,182,2,0.2765957446808511,0.0030395136778115
447379,19,84,0.2261904761904762,13,15.0,7.03125,150,47,1,0.3133333333333333,0.0066666666666666
297733,8,63,0.1269841269841269,7,14.0,8.811188811188812,123,30,0,0.2439024390243902,0.0
9283,138,555,0.2486486486486486,77,52.0,4.849740932642487,805,135,2,0.1677018633540372,0.0024844720496894
8925,152,601,0.2529118136439268,70,87.0,7.085972850678733,837,197,2,0.2353643966547192,0.002389486260454
8981,77,396,0.1944444444444444,29,60.0,5.410821643286574,787,207,1,0.2630241423125794,0.0012706480304955
9414,83,579,0.1433506044905008,31,102.0,4.379770992366413,1451,442,0,0.304617505168849,0.0
25537,193,772,0.25,92,127.0,6.944106925880924,1311,324,4,0.2471395881006865,0.0030511060259344
8425,284,402,0.7064676616915423,70,44.0,1.6296296296296295,985,158,0,0.1604060913705583,0.0
25785,128,816,0.1568627450980392,58,120.0,7.453416149068322,1548,342,5,0.2209302325581395,0.0032299741602067
119630,11,148,0.0743243243243243,5,10.0,2.419354838709677,340,106,0,0.3117647058823529,0.0
173,104,690,0.1507246376811594,27,110.0,4.615384615384616,1706,448,2,0.2626025791324736,0.0011723329425556
92922,6,56,0.1071428571428571,5,2.0,1.3043478260869563,107,24,0,0.2242990654205607,0.0
105338,161,967,0.1664943123061013,87,80.0,4.173913043478261,1739,430,0,0.2472685451408855,0.0
8249,66,369,0.1788617886178861,30,45.0,6.408227848101266,669,143,2,0.2137518684603886,0.0029895366218236
21160,138,368,0.375,50,62.0,6.443418013856813,605,136,1,0.224793388429752,0.0016528925619834
285508,34,233,0.1459227467811159,15,19.0,2.077764277035237,539,175,1,0.3246753246753247,0.0018552875695732
7864,101,387,0.2609819121447028,48,65.0,7.1254567600487215,658,129,3,0.196048632218845,0.0045592705167173
256998,123,416,0.2956730769230769,23,82.0,7.387387387387387,662,117,0,0.1767371601208459,0.0
92864,149,202,0.7376237623762376,30,36.0,2.509682416731216,489,89,0,0.1820040899795501,0.0
7892,131,466,0.2811158798283262,47,66.0,7.054631828978622,752,148,4,0.1968085106382978,0.0053191489361702
8126,118,330,0.3575757575757576,44,54.0,7.0434782608695645,502,112,1,0.2231075697211155,0.0019920318725099
8360,287,889,0.3228346456692913,118,242.0,8.67383512544803,1843,524,1,0.2843190450352685,0.0005425935973955
8324,98,404,0.2425742574257425,68,17.0,6.652173913043479,490,38,0,0.0775510204081632,0.0
8096,7,8,0.875,1,0.0,0.0,26,4,0,0.1538461538461538,0.0
7879,52,348,0.1494252873563218,15,41.0,3.0345394736842106,799,223,0,0.27909887359199,0.0
8583,21,38,0.5526315789473685,4,12.0,11.36842105263158,65,16,0,0.2461538461538461,0.0
13745,2,8,0.25,1,0.0,0.0,14,5,0,0.3571428571428571,0.0
402884,16,104,0.1538461538461538,5,14.0,6.702127659574468,207,41,0,0.1980676328502415,0.0
62091,6,41,0.1463414634146341,3,7.0,3.8181818181818175,84,21,0,0.25,0.0
25885,63,160,0.39375,18,45.0,8.148893360160965,297,70,0,0.2356902356902357,0.0
77502,37,52,0.7115384615384616,10,2.0,0.5882352941176471,135,20,0,0.1481481481481481,0.0
8049,4,72,0.0555555555555555,1,8.0,5.538461538461538,120,30,1,0.25,0.0083333333333333
531655,1,11,0.0909090909090909,1,2.0,7.199999999999999,24,8,0,0.3333333333333333,0.0
239411,35,112,0.3125,6,12.0,5.3731343283582085,160,39,1,0.24375,0.00625
192748,81,420,0.1928571428571428,42,72.0,6.506024096385542,702,170,3,0.2421652421652421,0.0042735042735042
15175,335,455,0.7362637362637363,16,26.0,1.368421052631579,707,76,1,0.1074964639321075,0.0014144271570014
14886,4,23,0.1739130434782608,2,4.0,8.181818181818182,41,7,0,0.1707317073170731,0.0
32968,70,503,0.1391650099403578,26,39.0,1.9034707158351407,1538,475,2,0.3088426527958388,0.0013003901170351
61967,146,593,0.2462057335581787,99,72.0,7.732696897374701,940,158,2,0.1680851063829787,0.002127659574468
3571,209,1209,0.1728701406120761,90,98.0,3.546441495778046,2083,399,2,0.1915506481036966,0.0009601536245799
3270,283,1350,0.2096296296296296,109,142.0,5.376525031552377,2159,450,3,0.2084298286243631,0.001389532190829
3875,20,201,0.099502487562189,10,16.0,1.4738996929375638,551,182,0,0.3303085299455535,0.0
259946,25,222,0.1126126126126126,13,25.0,2.7881040892193307,671,188,1,0.2801788375558867,0.0014903129657228
26332,272,803,0.3387297633872976,69,164.0,8.172757475083056,1321,275,1,0.2081756245268735,0.0007570022710068
21894,45,371,0.1212938005390835,22,71.0,5.2420016406890895,875,280,0,0.32,0.0
56009,144,879,0.1638225255972696,62,109.0,4.711815561959655,1513,338,2,0.2233972240581626,0.0013218770654329
247219,104,609,0.1707717569786535,62,55.0,3.953674121405751,1034,196,2,0.1895551257253385,0.0019342359767891
70120,405,1579,0.2564914502849905,119,139.0,5.190871369294606,2221,284,7,0.1278703286807744,0.0031517334533993
7972,126,1043,0.1208053691275167,43,74.0,2.294178436100586,1970,530,0,0.2690355329949238,0.0
3353,366,1506,0.2430278884462151,213,75.0,3.648648648648648,2073,317,2,0.1529184756391703,0.0009647853352629
3291,16,223,0.0717488789237668,9,23.0,2.987012987012987,396,94,1,0.2373737373737373,0.0025252525252525
105541,121,796,0.1520100502512562,54,61.0,1.964924838940587,1723,552,0,0.3203714451538015,0.0
3465,139,429,0.324009324009324,51,102.0,8.809980806142034,792,182,2,0.2297979797979798,0.0025252525252525
3451,122,843,0.1447212336892052,45,94.0,3.604601619088197,1717,505,2,0.2941176470588235,0.0011648223645894
3325,417,1517,0.2748846407382992,170,248.0,7.296502124877411,2771,730,4,0.2634428004330567,0.0014435221941537
51004,252,1075,0.2344186046511628,122,188.0,7.169491525423729,1882,438,1,0.232731137088204,0.0005313496280552
3554,228,341,0.6686217008797654,21,33.0,1.1990310859911182,896,133,1,0.1484375,0.0011160714285714
364005,125,553,0.2260397830018083,75,63.0,4.6172638436482085,860,213,4,0.2476744186046511,0.0046511627906976
25701,84,471,0.1783439490445859,25,63.0,8.065433854907539,763,118,1,0.1546526867627785,0.001310615989515
4440,19,123,0.1544715447154471,9,19.0,3.6,320,95,0,0.296875,0.0
4969,157,753,0.2084993359893758,78,71.0,4.109324758842444,1293,269,0,0.2080433101314771,0.0
4350,156,230,0.6782608695652174,2,11.0,1.0,456,54,1,0.1184210526315789,0.0021929824561403
125250,156,442,0.3529411764705882,23,57.0,5.181818181818182,651,147,2,0.2258064516129032,0.0030721966205837
4363,128,835,0.1532934131736527,65,73.0,4.316688567674113,1278,233,3,0.1823161189358372,0.0023474178403755
7623,72,680,0.1058823529411764,29,105.0,3.5221766679090574,1684,580,6,0.344418052256532,0.003562945368171
1751,40,291,0.1374570446735395,18,36.0,4.159178433889602,686,184,1,0.2682215743440233,0.0014577259475218
26652,265,1462,0.1812585499316005,142,152.0,4.651479088745325,2347,580,5,0.2471239880698764,0.0021303792074989
4424,457,1723,0.26523505513639,165,300.0,8.434864104967197,3206,625,11,0.1949469744229569,0.003431066749844
167641,515,1989,0.2589240824534942,209,215.0,6.321463573995426,2895,399,8,0.1378238341968912,0.0027633851468048
4911,201,874,0.2299771167048055,107,74.0,4.49696151249156,1211,227,2,0.1874483897605285,0.0016515276630883
134174,162,869,0.1864211737629459,75,134.0,5.784172661870503,2068,534,4,0.2582205029013539,0.0019342359767891
3529,382,1438,0.2656467315716272,124,289.0,9.272727272727272,2805,660,0,0.2352941176470588,0.0
3542,458,1753,0.2612664004563605,203,183.0,6.064064801178203,2698,502,5,0.1860637509266123,0.0018532246108228
3534,314,1353,0.2320768662232077,137,189.0,6.636753804135778,2358,537,7,0.227735368956743,0.0029686174724342
399676,275,1299,0.2117013086989992,131,117.0,4.016018306636155,2177,550,3,0.2526412494258153,0.0013780431786862
37831,49,494,0.0991902834008097,32,47.0,1.6845878136200718,1135,355,1,0.3127753303964757,0.0008810572687224
282445,3,32,0.09375,1,4.0,5.3731343283582085,50,17,0,0.34,0.0
4513,53,317,0.167192429022082,25,53.0,5.184782608695652,735,234,0,0.3183673469387755,0.0
3605,101,743,0.1359353970390309,62,77.0,2.478540772532189,2136,770,0,0.3604868913857678,0.0
3692,397,1119,0.354781054512958,77,267.0,8.378661087866108,1819,388,3,0.2133040131940626,0.0016492578339747
6210,131,822,0.1593673965936739,51,95.0,4.672131147540984,1689,416,0,0.246299585553582,0.0
3443,434,1935,0.2242894056847545,232,168.0,5.4703328509406655,2919,585,1,0.2004110996916752,0.000342583076396
3682,163,982,0.1659877800407332,77,63.0,2.220046985121378,1769,451,1,0.2549462973431317,0.0005652911249293
226005,83,337,0.2462908011869436,40,26.0,2.258687258687259,646,161,1,0.2492260061919504,0.001547987616099
3299,336,497,0.676056338028169,43,51.0,1.3672922252010724,1276,177,1,0.1387147335423197,0.0007836990595611
489488,167,659,0.2534142640364188,56,153.0,7.532822757111598,1377,386,1,0.280319535221496,0.0007262164124909
20450,30,162,0.1851851851851851,15,16.0,2.8346456692913384,321,74,0,0.2305295950155763,0.0
14836,116,868,0.1336405529953917,52,100.0,3.41296928327645,1854,479,2,0.2583603020496224,0.0010787486515641
70129,130,882,0.1473922902494331,62,49.0,1.6351501668520578,1803,494,1,0.273987798114254,0.0005546311702717
4892,335,1419,0.2360817477096546,135,218.0,6.719178082191781,2453,526,2,0.2144313086017122,0.0008153281695882
3874,41,600,0.0683333333333333,21,63.0,2.2955465587044537,1814,594,0,0.3274531422271224,0.0
3671,514,1378,0.3730043541364296,206,206.0,7.427884615384615,2268,476,3,0.2098765432098765,0.0013227513227513
3409,257,939,0.2736954206602769,127,184.0,7.677329624478443,1643,407,5,0.2477175897748021,0.003043213633597
225996,473,1452,0.3257575757575757,111,222.0,8.57510729613734,2223,352,4,0.1583445793972109,0.0017993702204228
4476,132,189,0.6984126984126984,26,8.0,1.0,349,55,0,0.157593123209169,0.0
355599,133,875,0.152,43,109.0,3.523706896551724,1984,538,1,0.2711693548387097,0.0005040322580645
40770,89,807,0.1102850061957868,43,58.0,1.8790496760259177,1769,470,1,0.2656868287167891,0.0005652911249293
3282,214,1129,0.1895482728077945,111,71.0,3.3229329173166926,2040,428,1,0.2098039215686274,0.0004901960784313
237269,62,324,0.191358024691358,24,70.0,6.331658291457287,661,136,3,0.2057488653555219,0.0045385779122541
3458,245,391,0.6265984654731458,11,28.0,1.1693735498839908,821,114,1,0.1388550548112058,0.0012180267965895
86220,260,935,0.2780748663101604,85,194.0,8.216470588235294,1657,359,2,0.2166566083283041,0.0012070006035003
25795,63,444,0.1418918918918918,26,29.0,1.5112912565141865,988,286,0,0.2894736842105263,0.0
207001,73,447,0.16331096196868,31,45.0,3.375,1005,243,3,0.2417910447761194,0.0029850746268656
410055,219,649,0.337442218798151,53,167.0,7.89390756302521,1122,271,2,0.2415329768270945,0.0017825311942959
3474,181,858,0.2109557109557109,64,106.0,5.417376490630324,1532,403,0,0.2630548302872063,0.0
20764,48,390,0.123076923076923,29,29.0,1.623134328358209,1029,293,0,0.2847424684159378,0.0
230895,233,979,0.2379979570990807,120,170.0,5.967238689547583,1813,473,3,0.2608935466078323,0.0016547159404302
8323,49,346,0.1416184971098266,28,19.0,2.9482758620689653,610,121,4,0.1983606557377049,0.0065573770491803
70956,17,86,0.1976744186046511,6,22.0,8.571428571428571,142,30,2,0.2112676056338028,0.0140845070422535
3397,539,698,0.7722063037249284,76,38.0,1.2666666666666666,1256,164,1,0.1305732484076433,0.000796178343949
25461,130,796,0.1633165829145728,65,62.0,4.099926524614254,1354,327,2,0.241506646971935,0.001477104874446
22202,43,393,0.1094147582697201,23,69.0,2.9431279620853084,1214,420,0,0.3459637561779242,0.0
3840,169,1202,0.1405990016638935,73,95.0,2.913117546848381,2263,594,1,0.2624834290764472,0.0004418912947414
169002,273,953,0.2864637985309549,100,223.0,8.741289198606271,2046,572,2,0.2795698924731182,0.0009775171065493
4013,434,1379,0.3147208121827411,198,300.0,10.714285714285714,2192,524,6,0.2390510948905109,0.0027372262773722
26167,23,240,0.0958333333333333,10,26.0,1.40203714799281,885,365,0,0.4124293785310734,0.0
3963,413,619,0.6672051696284329,110,79.0,2.257142857142857,1389,271,1,0.1951043916486681,0.0007199424046076
263091,144,500,0.288,82,91.0,5.723270440251572,893,242,0,0.270996640537514,0.0
265807,16,127,0.1259842519685039,11,33.0,5.32258064516129,355,123,1,0.3464788732394366,0.0028169014084507
8287,475,1511,0.314361350099272,233,81.0,3.691139240506329,2102,328,3,0.1560418648905804,0.0014272121788772
3321,125,834,0.1498800959232614,59,48.0,2.006502554575012,1396,321,0,0.2299426934097421,0.0
3304,306,1082,0.2828096118299446,59,136.0,5.913043478260869,1652,273,2,0.1652542372881356,0.0012106537530266
3915,300,437,0.6864988558352403,4,41.0,1.5185185185185186,812,85,1,0.104679802955665,0.001231527093596
279538,96,407,0.2358722358722358,44,32.0,5.313653136531365,605,79,2,0.1305785123966942,0.0033057851239669
326523,78,353,0.2209631728045325,48,22.0,4.987405541561713,529,66,0,0.1247637051039697,0.0
25888,211,902,0.2339246119733924,104,153.0,5.778430549727235,1668,493,4,0.2955635491606714,0.0023980815347721
3674,57,354,0.1610169491525423,32,100.0,6.122448979591837,777,236,0,0.3037323037323037,0.0
3340,207,589,0.3514431239388794,73,129.0,10.283436669619132,946,204,2,0.2156448202959831,0.0021141649048625
212644,117,626,0.1869009584664537,68,149.0,8.590647021140294,1158,314,1,0.2711571675302245,0.0008635578583765
279570,4,25,0.16,4,5.0,11.538461538461538,37,8,0,0.2162162162162162,0.0
4501,324,1609,0.2013673088875077,123,173.0,6.92,2574,461,3,0.1790986790986791,0.0011655011655011
3309,433,1264,0.3425632911392405,99,167.0,6.467297762478485,1836,260,5,0.1416122004357298,0.0027233115468409
3414,293,1096,0.2673357664233576,143,183.0,8.654755648975302,1791,401,3,0.2238972640982691,0.0016750418760469
344120,12,113,0.1061946902654867,8,9.0,2.375366568914956,230,37,0,0.1608695652173913,0.0
86183,324,1032,0.313953488372093,86,144.0,8.686327077747988,1470,213,3,0.1448979591836734,0.0020408163265306
70112,328,1022,0.3209393346379647,73,184.0,8.153618906942393,1494,280,2,0.1874163319946452,0.001338688085676
22578,20,215,0.0930232558139534,12,13.0,1.8660287081339717,449,128,0,0.2850779510022271,0.0
400549,7,29,0.2413793103448276,2,4.0,7.199999999999999,50,19,0,0.38,0.0
4086,103,467,0.2205567451820128,33,99.0,7.4811083123425695,923,250,3,0.2708559046587215,0.0032502708559046
247212,16,73,0.2191780821917808,5,8.0,5.413533834586466,133,26,0,0.1954887218045112,0.0
344132,97,570,0.1701754385964912,39,65.0,6.087408949011447,973,180,2,0.184994861253854,0.0020554984583761
134249,30,353,0.0849858356940509,19,73.0,4.509265614275909,1102,347,0,0.3148820326678765,0.0
93003,205,671,0.3055141579731744,46,219.0,9.530947775628627,1292,289,0,0.2236842105263158,0.0
6281,222,880,0.2522727272727272,86,197.0,6.837639799460085,2076,522,2,0.2514450867052023,0.0009633911368015
127928,71,385,0.1844155844155844,34,61.0,4.575,811,202,0,0.2490752157829839,0.0
278049,111,289,0.3840830449826989,28,83.0,7.182692307692308,577,162,2,0.2807625649913345,0.0034662045060658
41124,97,412,0.2354368932038835,12,80.0,7.82608695652174,612,129,1,0.2107843137254902,0.0016339869281045
4065,258,710,0.3633802816901408,36,140.0,9.176984705025491,1068,165,3,0.1544943820224719,0.0028089887640449
275497,14,36,0.3888888888888889,3,13.0,7.405063291139241,129,43,0,0.3333333333333333,0.0
3447,123,534,0.2303370786516854,51,103.0,7.087155963302752,1066,254,0,0.2382739212007504,0.0
3355,170,421,0.4038004750593824,56,42.0,7.0,584,73,1,0.125,0.0017123287671232
8303,54,83,0.6506024096385542,8,7.0,1.1666666666666667,204,30,1,0.1470588235294117,0.0049019607843137
3595,181,695,0.260431654676259,86,75.0,6.053811659192825,1085,250,2,0.2304147465437788,0.0018433179723502
86307,43,264,0.1628787878787878,21,32.0,3.636363636363636,564,145,1,0.2570921985815603,0.00177304964539
3798,62,358,0.1731843575418994,29,73.0,9.09972299168975,698,175,1,0.2507163323782235,0.0014326647564469
20525,105,538,0.1951672862453531,70,73.0,5.465890183028286,1015,251,1,0.2472906403940886,0.0009852216748768
8148,192,1236,0.1553398058252427,100,89.0,2.819429778247096,2349,566,2,0.2409535972754363,0.0008514261387824
265172,251,1112,0.2257194244604316,129,141.0,4.674033149171271,2041,483,7,0.2366487016168544,0.0034296913277804
56026,372,1127,0.3300798580301686,124,180.0,6.405693950177936,1977,412,1,0.2083965604451188,0.0005058168942842
50069,157,786,0.1997455470737913,52,123.0,6.816502463054187,1447,397,0,0.2743607463718037,0.0
22162,381,1508,0.2526525198938992,179,292.0,10.436854646544877,2387,540,5,0.22622538751571,0.0020946795140343
246059,94,344,0.2732558139534883,30,68.0,5.284974093264249,623,175,0,0.2808988764044944,0.0
20832,412,608,0.6776315789473685,34,63.0,1.7093759421163703,1388,201,0,0.1448126801152737,0.0
20472,267,1117,0.2390331244404655,106,152.0,4.391653290529694,1974,472,0,0.2391084093211752,0.0
21865,34,358,0.0949720670391061,18,41.0,2.8103579588728103,804,225,0,0.2798507462686567,0.0
7965,693,2011,0.3446046742913973,323,261.0,8.116793365583966,2961,515,3,0.1739277271192164,0.0010131712259371
22107,399,1859,0.21463152232383,183,136.0,5.8257972394098045,2788,485,1,0.1739598278335724,0.0003586800573888
40726,312,1746,0.1786941580756013,232,199.0,6.2710084033613445,2892,555,5,0.191908713692946,0.001728907330567
130,497,1507,0.3297942932979429,133,288.0,8.529121421520237,2181,273,2,0.1251719394773039,0.0009170105456212
260250,185,559,0.330948121645796,55,83.0,7.492477432296891,867,160,3,0.1845444059976932,0.0034602076124567
99902,234,1263,0.1852731591448931,161,99.0,5.351351351351352,1841,318,3,0.1727322107550244,0.0016295491580662
37745,84,642,0.1308411214953271,33,80.0,5.369127516778524,1240,287,1,0.2314516129032258,0.0008064516129032
284315,34,262,0.1297709923664122,22,13.0,4.552529182879377,438,87,0,0.1986301369863013,0.0
41034,504,1532,0.3289817232375979,187,261.0,9.498584714921147,2426,498,3,0.2052761747732893,0.0012366034624896
10113,98,368,0.266304347826087,43,46.0,5.092250922509225,677,183,0,0.2703101920236336,0.0
50849,329,473,0.6955602536997886,16,42.0,1.3548387096774193,983,116,2,0.1180061037639877,0.0020345879959308
20815,213,968,0.2200413223140495,112,255.0,7.581764122893954,2014,597,5,0.2964250248262164,0.0024826216484607
21528,394,1214,0.3245469522240527,95,311.0,8.440892641737033,2252,531,3,0.2357904085257549,0.0013321492007104
21494,378,592,0.6385135135135135,102,56.0,1.4736842105263157,1463,273,2,0.1866028708133971,0.0013670539986329
21620,134,882,0.1519274376417233,71,94.0,4.0324118207816975,1714,440,1,0.2567094515752625,0.0005834305717619
146588,448,1429,0.3135059482155353,108,150.0,5.698607007176023,2008,285,5,0.1419322709163346,0.0024900398406374
20845,269,1392,0.1932471264367816,113,122.0,4.30757159670459,2289,412,2,0.1799912625600699,0.00087374399301
20390,183,652,0.2806748466257668,73,82.0,6.982024597918638,1049,198,0,0.1887511916110581,0.0
146590,119,692,0.1719653179190751,46,195.0,8.013698630136986,1651,400,1,0.2422774076317383,0.0006056935190793
351010,22,293,0.0750853242320819,12,38.0,2.278481012658228,852,292,1,0.3427230046948357,0.0011737089201877
350999,567,821,0.6906211936662606,17,41.0,1.0789473684210529,1414,136,0,0.0961810466760961,0.0
20661,37,360,0.1027777777777777,12,24.0,0.984503190519599,1011,356,1,0.3521266073194856,0.0009891196834817
20943,178,674,0.2640949554896142,98,89.0,7.242314647377938,976,192,0,0.1967213114754098,0.0
20639,12,45,0.2666666666666666,0,7.0,7.078651685393258,70,11,0,0.1571428571428571,0.0
3323,99,681,0.145374449339207,63,66.0,2.1078779276082327,1653,458,1,0.2770719903206292,0.0006049606775559
21842,271,1303,0.2079815809669992,85,231.0,6.967158176943699,2558,679,1,0.2654417513682564,0.0003909304143862
20461,576,1707,0.3374340949033392,169,200.0,8.325624421831638,2355,371,5,0.1575371549893842,0.0021231422505307
20465,280,1043,0.2684563758389262,117,85.0,4.468457943925234,1682,316,0,0.187871581450654,0.0
23705,439,636,0.690251572327044,22,40.0,1.0955569080949483,1257,130,3,0.1034208432776451,0.0023866348448687
3318,182,923,0.1971830985915492,85,87.0,4.080250130276186,1311,219,0,0.1670480549199084,0.0
447804,162,966,0.1677018633540372,54,114.0,3.392857142857143,2317,641,3,0.2766508416055244,0.001294777729823
20458,398,1180,0.3372881355932203,132,103.0,6.473463687150838,1509,167,1,0.1106693174287607,0.0006626905235255
105334,121,997,0.1213640922768305,64,48.0,2.4134078212290504,1768,372,0,0.2104072398190045,0.0
361807,118,503,0.2345924453280318,58,48.0,7.6190476190476195,726,118,2,0.162534435261708,0.0027548209366391
21177,122,571,0.2136602451838879,59,42.0,2.0644456581103223,1280,373,3,0.29140625,0.00234375
38532,503,1501,0.335109926715523,165,264.0,8.516129032258064,2342,506,2,0.2160546541417591,0.0008539709649871
206318,259,899,0.2880978865406006,94,157.0,7.867483296213808,1581,367,1,0.2321315623023402,0.0006325110689437
70974,50,247,0.2024291497975708,19,10.0,1.4084507042253522,497,141,1,0.2837022132796781,0.0020120724346076
284960,233,966,0.2412008281573499,75,206.0,7.773584905660377,1831,404,4,0.2206444565811032,0.0021845985800109
20609,230,653,0.3522205206738131,61,112.0,7.314949201741654,1065,241,5,0.2262910798122065,0.0046948356807511
3300,963,2390,0.402928870292887,265,170.0,5.579868708971554,3139,421,4,0.1341191462249124,0.0012742911755336
454457,63,456,0.1381578947368421,24,47.0,3.1263858093126387,1072,279,0,0.2602611940298507,0.0
174,68,369,0.1842818428184282,34,43.0,3.936927772126144,757,181,3,0.2391017173051519,0.0039630118890356
20638,225,569,0.3954305799648506,57,151.0,9.017916390179163,1009,233,3,0.2309217046580773,0.0029732408325074
20468,85,437,0.1945080091533181,29,36.0,3.350568769389866,769,204,0,0.2652795838751625,0.0
20653,218,1123,0.1941228851291184,99,168.0,6.253101736972704,2155,514,1,0.2385150812064965,0.0004640371229698
215869,198,607,0.3261943986820428,52,115.0,7.846853677028052,1023,239,1,0.2336265884652981,0.0009775171065493
20929,194,633,0.306477093206951,29,118.0,5.844799119427628,1003,194,0,0.193419740777667,0.0
21438,53,471,0.1125265392781316,20,62.0,1.9942816297355253,1640,564,3,0.3439024390243902,0.0018292682926829
20529,222,1203,0.1845386533665835,104,192.0,6.734216679657053,2020,384,3,0.1900990099009901,0.0014851485148514
22377,218,811,0.2688039457459926,76,139.0,7.039954980303883,1590,329,1,0.2069182389937107,0.00062893081761
21169,104,467,0.2226980728051391,48,54.0,4.066945606694561,842,216,1,0.2565320665083135,0.001187648456057
149848,6,106,0.0566037735849056,7,14.0,2.7213822894168462,322,112,0,0.3478260869565217,0.0
20583,501,1315,0.3809885931558935,103,265.0,8.585313174946004,2034,449,2,0.2207472959685349,0.0009832841691248
134427,490,1470,0.3333333333333333,96,123.0,5.71797520661157,1906,226,2,0.1185729275970619,0.0010493179433368
20395,190,702,0.2706552706552707,66,83.0,7.71694214876033,1017,126,1,0.1238938053097345,0.0009832841691248
99661,236,711,0.3319268635724332,72,139.0,9.266666666666667,1253,280,1,0.2234636871508379,0.0007980845969672
220359,195,950,0.2052631578947368,73,198.0,7.279411764705882,2232,688,1,0.3082437275985663,0.0004480286738351
20503,30,222,0.1351351351351351,12,29.0,2.976054732041049,642,196,0,0.3052959501557632,0.0
134420,105,552,0.1902173913043478,47,106.0,6.476578411405296,1205,341,1,0.2829875518672199,0.0008298755186721
20879,299,1272,0.235062893081761,167,115.0,3.918970087088224,2218,517,4,0.233092876465284,0.0018034265103697
192,185,509,0.3634577603143418,33,143.0,9.64767616191904,818,167,0,0.2041564792176039,0.0
252589,48,318,0.1509433962264151,16,57.0,4.117174959871589,969,287,1,0.2961816305469556,0.001031991744066
20949,42,294,0.1428571428571428,16,39.0,3.057491289198606,828,220,1,0.2657004830917874,0.001207729468599
340019,87,495,0.1757575757575757,57,42.0,4.186046511627907,878,158,1,0.1799544419134396,0.0011389521640091
298212,56,295,0.1898305084745762,36,41.0,7.028571428571429,555,116,0,0.209009009009009,0.0
14812,169,1512,0.1117724867724867,74,190.0,5.155260777811275,2783,805,2,0.2892561983471074,0.0007186489399928
3344,132,724,0.1823204419889502,64,50.0,4.302103250478012,1166,180,6,0.1543739279588336,0.0051457975986277
135903,333,1389,0.2397408207343412,134,136.0,6.328852119958635,2363,548,6,0.2319085907744392,0.0025391451544646
20811,671,2125,0.3157647058823529,155,183.0,5.382352941176471,2782,377,0,0.1355140186915887,0.0
20869,181,668,0.2709580838323353,76,136.0,8.4472049689441,1240,311,4,0.2508064516129032,0.0032258064516129
86243,48,503,0.0954274353876739,18,40.0,1.7037387600567913,1464,472,3,0.3224043715846995,0.0020491803278688
20812,109,467,0.2334047109207709,63,39.0,3.585291113381001,748,149,2,0.1991978609625668,0.0026737967914438
20802,320,503,0.6361829025844931,37,54.0,2.0,1053,152,0,0.144349477682811,0.0
21019,113,353,0.320113314447592,61,36.0,5.276872964169382,518,104,1,0.2007722007722007,0.0019305019305019
20446,57,288,0.1979166666666666,35,28.0,7.159090909090909,448,81,1,0.1808035714285714,0.0022321428571428
20518,384,1128,0.3404255319148936,88,130.0,6.93127962085308,1606,264,1,0.1643835616438356,0.0006226650062266
208865,232,832,0.2788461538461538,69,116.0,7.425320056899005,1232,168,1,0.1363636363636363,0.0008116883116883
83575,214,545,0.3926605504587156,62,40.0,6.174957118353345,756,90,0,0.119047619047619,0.0
21299,76,108,0.7037037037037037,6,19.0,2.1590909090909087,308,43,0,0.1396103896103896,0.0
22677,177,468,0.3782051282051282,39,107.0,10.808080808080808,733,161,1,0.2196452933151432,0.0013642564802182
21607,385,1623,0.2372150338878619,152,198.0,6.146947223180407,2659,632,6,0.2376833396013539,0.0022564874012786
24964,43,368,0.1168478260869565,22,47.0,3.049747656813266,749,225,1,0.3004005340453938,0.0013351134846461
7849,214,312,0.6858974358974359,2,18.0,1.0588235294117647,524,45,1,0.0858778625954198,0.0019083969465648
347024,2,15,0.1333333333333333,2,1.0,4.5,32,9,0,0.28125,0.0
234359,32,265,0.120754716981132,13,37.0,3.4049079754601226,705,201,4,0.2851063829787234,0.0056737588652482
7982,95,464,0.2047413793103448,44,75.0,8.08383233532934,826,160,4,0.1937046004842615,0.0048426150121065
255670,26,297,0.0875420875420875,9,50.0,4.035874439461884,706,214,1,0.3031161473087819,0.0014164305949008
21306,87,234,0.3717948717948718,23,35.0,6.716417910447761,339,58,1,0.1710914454277286,0.0029498525073746
99511,17,132,0.1287878787878787,7,17.0,2.185714285714286,466,166,0,0.3562231759656652,0.0
20662,4,91,0.0439560439560439,2,8.0,1.3308687615526802,254,81,0,0.3188976377952756,0.0
20536,19,197,0.0964467005076142,12,21.0,1.3755458515283845,621,213,0,0.3429951690821256,0.0
343925,131,610,0.2147540983606557,52,72.0,3.312883435582822,1101,306,1,0.2779291553133515,0.0009082652134423
334817,26,219,0.1187214611872146,14,38.0,8.28087167070218,521,175,0,0.3358925143953934,0.0
342075,24,94,0.2553191489361702,10,9.0,4.879518072289156,129,31,1,0.2403100775193798,0.0077519379844961
89186,196,1219,0.1607875307629204,102,60.0,2.2891055532005087,2209,437,2,0.1978270710728836,0.0009053870529651
25405,220,722,0.3047091412742382,115,88.0,7.239488117001828,1117,186,4,0.1665174574753805,0.0035810205908683
16922,4,32,0.125,2,7.0,6.631578947368421,83,25,0,0.3012048192771084,0.0
21004,182,592,0.3074324324324324,61,74.0,6.230121608980356,945,169,1,0.1788359788359788,0.001058201058201
137161,14,121,0.1157024793388429,7,13.0,1.6690442225392297,373,129,1,0.3458445040214477,0.002680965147453
69658,21,103,0.203883495145631,10,12.0,4.63519313304721,175,43,0,0.2457142857142857,0.0
51064,93,428,0.2172897196261682,30,83.0,7.879746835443038,796,176,0,0.2211055276381909,0.0
402898,66,301,0.2192691029900332,17,47.0,5.2611940298507465,618,171,1,0.2766990291262136,0.0016181229773462
412914,5,20,0.25,2,11.0,12.073170731707318,63,25,0,0.3968253968253968,0.0
20438,405,1219,0.3322395406070549,200,129.0,6.258760107816712,1677,312,0,0.1860465116279069,0.0
302798,29,124,0.2338709677419354,19,14.0,2.763157894736842,285,89,0,0.312280701754386,0.0
3526,340,916,0.37117903930131,121,90.0,6.755629691409507,1262,176,2,0.1394611727416798,0.0015847860538827
377757,62,147,0.4217687074829932,12,29.0,8.233438485804417,269,42,0,0.1561338289962825,0.0
21725,43,143,0.3006993006993007,13,36.0,9.283667621776504,258,50,1,0.1937984496124031,0.003875968992248
352722,3,13,0.2307692307692307,1,1.0,3.0,35,14,0,0.4,0.0
99423,7,116,0.0603448275862069,7,9.0,2.0199501246882794,238,98,0,0.4117647058823529,0.0
21517,25,113,0.2212389380530973,8,21.0,5.4,255,76,2,0.2980392156862745,0.0078431372549019
11095,454,1308,0.3470948012232416,158,184.0,6.234939759036144,2054,454,2,0.2210321324245374,0.0009737098344693
65055,160,669,0.2391629297458893,70,69.0,3.676731793960924,1361,387,2,0.2843497428361499,0.0014695077149155
14863,319,1065,0.2995305164319249,138,138.0,7.40608228980322,1728,347,2,0.2008101851851851,0.0011574074074074
15265,449,629,0.7138314785373608,116,50.0,1.4705882352941178,1388,218,0,0.1570605187319884,0.0
15771,250,728,0.3434065934065934,40,128.0,8.44574780058651,1120,203,1,0.18125,0.0008928571428571
272363,124,665,0.1864661654135338,66,67.0,5.294117647058823,1098,261,2,0.2377049180327868,0.0018214936247723
55951,616,885,0.696045197740113,88,75.0,2.2058823529411766,1539,197,2,0.1280051981806367,0.0012995451591942
224677,282,1170,0.241025641025641,140,156.0,7.23338485316847,1753,316,6,0.1802624073017684,0.0034227039361095
258264,22,220,0.1,14,18.0,1.749460043196544,581,212,0,0.3648881239242685,0.0
15069,486,1227,0.3960880195599022,120,212.0,8.656987295825772,1920,377,3,0.1963541666666666,0.0015625
296341,163,682,0.2390029325513196,81,133.0,8.879821958456974,1378,321,0,0.2329462989840348,0.0
14885,185,1004,0.1842629482071713,70,111.0,5.104752171691365,1568,322,0,0.2053571428571428,0.0
9611,555,758,0.7321899736147758,60,40.0,1.2121212121212122,1299,182,0,0.1401077752117013,0.0
14845,36,284,0.1267605633802817,23,32.0,1.8786692759295496,904,350,0,0.3871681415929203,0.0
99410,256,794,0.3224181360201511,85,106.0,8.442477876106194,1066,181,1,0.1697936210131332,0.0009380863039399
14991,615,1922,0.3199791883454734,155,206.0,6.0588235294117645,2726,411,4,0.1507703595011005,0.0014673514306676
15188,201,899,0.2235817575083426,76,113.0,7.285100286532951,1341,194,5,0.1446681580909768,0.0037285607755406
425925,198,1008,0.1964285714285714,87,98.0,4.119570294255022,1922,432,3,0.2247658688865765,0.0015608740894901
236528,345,1442,0.239251040221914,133,215.0,6.635802469135803,2591,472,6,0.1821690467001157,0.0023157082207641
221452,91,378,0.2407407407407407,28,34.0,3.9230769230769234,616,142,0,0.2305194805194805,0.0
15806,647,1829,0.3537452159650082,168,235.0,7.34375,2651,461,4,0.1738966427763108,0.0015088645794039
15019,95,336,0.2827380952380952,46,35.0,4.139290407358739,609,155,1,0.2545155993431856,0.0016420361247947
15231,102,716,0.1424581005586592,50,66.0,2.28725452445129,1719,529,0,0.3077370564281559,0.0
49907,10,111,0.09009009009009,5,18.0,3.6486486486486487,340,110,0,0.3235294117647059,0.0
18591,65,377,0.1724137931034483,21,58.0,5.082765335929893,783,226,2,0.2886334610472541,0.0025542784163473
165425,212,886,0.2392776523702031,99,110.0,5.769230769230769,1483,353,1,0.2380310182063385,0.0006743088334457
344178,320,1032,0.3100775193798449,119,141.0,7.403733955659277,1757,307,4,0.1747296528173022,0.002276607854297
14706,185,941,0.1965993623804463,90,93.0,3.866050808314088,1841,484,3,0.2629005975013579,0.0016295491580662
14749,328,1130,0.2902654867256637,138,177.0,6.9593709043250325,2096,494,1,0.2356870229007633,0.0004770992366412
143566,295,1102,0.2676950998185118,145,260.0,9.840201850294363,2382,598,0,0.2510495382031906,0.0
365441,179,614,0.2915309446254072,57,124.0,7.739251040221914,1090,287,4,0.2633027522935779,0.0036697247706422
209091,311,1218,0.2553366174055829,193,79.0,4.581185567010309,1681,261,2,0.1552647233789411,0.0011897679952409
503185,0,1,0.0,1,1.0,4.5,7,3,0,0.4285714285714285,0.0
14887,177,584,0.3030821917808219,45,69.0,6.2727272727272725,854,140,1,0.1639344262295081,0.0011709601873536
134392,283,956,0.2960251046025104,92,144.0,7.686832740213522,1482,255,0,0.1720647773279352,0.0
69411,145,812,0.1785714285714285,77,48.0,1.9459459459459456,1554,361,1,0.2323037323037323,0.0006435006435006
134708,41,364,0.1126373626373626,24,40.0,1.820940819423369,1226,385,1,0.3140293637846655,0.0008156606851549
284469,93,600,0.155,37,51.0,2.86875,1250,361,3,0.2888,0.0024
285727,11,180,0.0611111111111111,8,24.0,2.4462061155152885,596,181,1,0.3036912751677852,0.0016778523489932
217052,32,214,0.1495327102803738,14,33.0,4.527439024390244,446,123,0,0.2757847533632287,0.0
14734,56,497,0.1126760563380281,21,100.0,3.975265017667845,1394,540,0,0.3873744619799139,0.0
173212,337,1027,0.3281402142161636,90,219.0,8.918552036199095,1744,416,1,0.2385321100917431,0.0005733944954128
15487,174,963,0.1806853582554517,97,165.0,5.378486055776893,2115,711,2,0.3361702127659574,0.0009456264775413
344864,335,1046,0.3202676864244742,88,184.0,7.363272565584705,1756,339,3,0.1930523917995444,0.0017084282460136
15103,218,812,0.2684729064039409,75,161.0,9.165085388994308,1248,259,1,0.2075320512820513,0.000801282051282
336829,243,901,0.269700332963374,66,165.0,7.742440041710115,1457,332,4,0.2278654770075497,0.002745367192862
54579,548,738,0.7425474254742548,63,41.0,1.3225806451612905,1374,193,0,0.1404657933042212,0.0
7904,106,596,0.1778523489932885,49,85.0,3.4459459459459456,1365,420,3,0.3076923076923077,0.0021978021978021
337960,19,147,0.1292517006802721,13,23.0,3.467336683417085,422,130,0,0.3080568720379147,0.0
16826,214,820,0.2609756097560975,70,212.0,8.372093023255815,1557,415,3,0.2665382145150931,0.001926782273603
50800,84,326,0.2576687116564417,27,54.0,6.942857142857143,662,156,1,0.2356495468277945,0.0015105740181268
65075,446,1272,0.35062893081761,124,228.0,7.734640030154542,2059,478,4,0.2321515298688684,0.0019426906265177
15456,99,611,0.1620294599018003,37,85.0,3.836509528585757,1451,429,2,0.2956581667815299,0.0013783597518952
14914,493,702,0.7022792022792023,39,41.0,1.3225806451612905,1317,158,2,0.119969627942293,0.0015186028853454
15095,1,12,0.0833333333333333,1,10.0,12.5,39,19,0,0.4871794871794871,0.0
8315,91,332,0.2740963855421687,36,61.0,7.408906882591093,496,92,0,0.1854838709677419,0.0
302600,112,539,0.2077922077922078,42,116.0,6.148409893992933,1230,325,0,0.2642276422764227,0.0
14989,319,1263,0.2525732383214568,125,261.0,8.05279396640384,2906,751,2,0.2584308327598072,0.0006882312456985
134387,168,840,0.2,74,164.0,7.447023208879919,1600,417,0,0.260625,0.0
15085,43,419,0.1026252983293556,22,43.0,2.427854454203262,1091,340,0,0.3116406966086159,0.0
14718,358,1601,0.2236102435977514,184,123.0,6.006511123168747,2206,293,0,0.1328195829555757,0.0
134383,524,1557,0.3365446371226718,164,126.0,5.909327774882751,2032,224,2,0.1102362204724409,0.0009842519685039
282804,119,604,0.1970198675496688,67,110.0,7.432432432432432,1236,314,0,0.2540453074433657,0.0
337890,30,150,0.2,10,30.0,6.382978723404255,350,100,0,0.2857142857142857,0.0
16884,273,897,0.3043478260869565,105,151.0,5.800256081946222,1826,553,3,0.3028477546549836,0.0016429353778751
366217,156,483,0.3229813664596273,46,92.0,7.466185752930568,915,246,0,0.2688524590163934,0.0
354997,18,131,0.1374045801526717,11,19.0,3.0105633802816905,453,152,0,0.3355408388520971,0.0
449921,11,91,0.1208791208791208,3,25.0,7.627118644067797,256,78,0,0.3046875,0.0
15877,44,295,0.1491525423728813,15,71.0,4.726331360946745,1029,418,1,0.4062196307094266,0.0009718172983479
14788,0,20,0.0,0,6.0,7.012987012987013,70,23,0,0.3285714285714285,0.0
391441,95,330,0.2878787878787879,39,54.0,7.59375,619,137,4,0.221324717285945,0.0064620355411954
15782,68,321,0.2118380062305296,31,77.0,9.41576086956522,589,147,1,0.2495755517826825,0.0016977928692699
15253,324,785,0.4127388535031847,129,100.0,5.921052631578947,1067,222,2,0.2080599812558575,0.0018744142455482
372915,130,732,0.1775956284153005,59,94.0,4.12280701754386,1627,352,2,0.2163491087891825,0.0012292562999385
275121,93,329,0.2826747720364742,28,79.0,9.59514170040486,566,124,1,0.2190812720848056,0.0017667844522968
135788,122,348,0.3505747126436782,47,78.0,9.023136246786631,583,120,0,0.2058319039451115,0.0
230687,9,124,0.0725806451612903,9,19.0,2.5560538116591927,448,167,0,0.3727678571428571,0.0
258253,171,671,0.2548435171385991,71,102.0,7.066974595842956,1240,310,1,0.25,0.0008064516129032
70096,334,1446,0.2309820193637621,173,61.0,3.3763837638376386,2066,349,0,0.1689254598257502,0.0
146569,170,483,0.3519668737060041,51,83.0,8.272425249169435,731,159,1,0.2175102599179206,0.0013679890560875
391606,67,365,0.1835616438356164,24,40.0,3.560830860534125,801,183,1,0.2284644194756554,0.0012484394506866
221333,143,623,0.2295345104333868,80,92.0,6.837324525185797,1242,316,2,0.2544283413848631,0.001610305958132
233910,26,196,0.1326530612244898,8,27.0,2.5632911392405062,643,210,0,0.3265940902021773,0.0
28907,53,350,0.1514285714285714,24,25.0,4.105839416058394,584,117,0,0.2003424657534246,0.0
228639,108,542,0.1992619926199262,51,92.0,6.764705882352941,999,248,0,0.2482482482482482,0.0
159,408,1098,0.3715846994535519,151,220.0,8.298407376362112,1884,452,2,0.2399150743099787,0.0010615711252653
347366,3,32,0.09375,1,6.0,4.864864864864865,89,24,0,0.2696629213483146,0.0
15014,241,1099,0.2192902638762511,96,157.0,5.741568468102397,1929,464,2,0.2405391394504925,0.0010368066355624
241957,229,429,0.5337995337995338,29,19.0,1.9,617,84,0,0.1361426256077795,0.0
25942,280,1140,0.2456140350877192,143,90.0,3.5920177383592016,1945,348,4,0.1789203084832905,0.0020565552699228
134512,62,448,0.1383928571428571,24,50.0,2.6690391459074734,966,274,0,0.2836438923395445,0.0
15010,814,2210,0.3683257918552036,106,225.0,6.818181818181818,2909,339,3,0.1165348917153661,0.0010312822275696
131959,523,2536,0.2062302839116719,238,110.0,3.7757437070938216,3377,481,4,0.1424341131181522,0.0011844832691738
326946,63,355,0.1774647887323943,34,53.0,7.718446601941748,641,115,0,0.1794071762870515,0.0
393228,371,1030,0.3601941747572815,84,88.0,6.009104704097117,1428,201,4,0.1407563025210084,0.0028011204481792
86745,247,384,0.6432291666666666,8,30.0,1.1111111111111112,865,98,1,0.1132947976878612,0.0011560693641618
412701,26,261,0.0996168582375478,8,37.0,3.4651404786680544,597,177,0,0.2964824120603015,0.0
264989,51,377,0.1352785145888594,18,58.0,3.278894472361809,1087,343,0,0.3155473781048758,0.0
26327,18,183,0.0983606557377049,8,18.0,1.734475374732334,480,172,0,0.3583333333333333,0.0
26945,217,740,0.2932432432432432,88,130.0,6.870229007633588,1517,352,1,0.2320369149637442,0.000659195781147
26065,338,1584,0.2133838383838383,165,181.0,5.351511169513797,2603,503,3,0.1932385708797541,0.0011525163273146
141172,294,1282,0.2293291731669266,144,238.0,7.11391564264364,2129,401,6,0.1883513386566463,0.0028182245185533
56441,389,1497,0.2598530394121576,170,255.0,6.984175289105295,2669,671,5,0.2514050206069689,0.0018733608092918
25673,30,284,0.1056338028169014,9,50.0,2.696225284601558,908,301,0,0.3314977973568282,0.0
284322,24,232,0.1034482758620689,9,26.0,2.158671586715867,682,242,0,0.3548387096774194,0.0
41056,293,1287,0.2276612276612276,163,110.0,4.250751395448691,2231,399,1,0.1788435679067682,0.0004482294935006
28232,464,1510,0.3072847682119205,152,185.0,6.905848195769391,2097,330,7,0.1573676680972818,0.0033381020505484
70959,535,1684,0.3176959619952494,149,324.0,9.265967588179215,2890,559,5,0.1934256055363321,0.0017301038062283
426702,70,332,0.2108433734939759,20,59.0,6.2105263157894735,658,160,2,0.243161094224924,0.0030395136778115
213308,674,1768,0.3812217194570135,132,259.0,8.384892086330936,2615,522,4,0.1996175908221797,0.001529636711281
372904,159,480,0.33125,20,61.0,5.821845174973489,715,152,0,0.2125874125874126,0.0
413582,229,943,0.2428419936373276,123,136.0,7.85622593068036,1655,328,1,0.1981873111782477,0.0006042296072507
25440,182,993,0.1832829808660624,110,61.0,4.0817843866171,1442,303,5,0.210124826629681,0.0034674063800277
25418,339,523,0.6481835564053537,2,42.0,1.2352941176470589,1015,68,2,0.0669950738916256,0.0019704433497536
250134,114,694,0.1642651296829971,59,77.0,3.427299703264095,1538,436,5,0.2834850455136541,0.0032509752925877
37824,184,977,0.1883316274309109,78,122.0,6.975857687420585,1597,300,4,0.1878522229179711,0.0025046963055729
347200,57,337,0.1691394658753709,33,22.0,3.188405797101449,598,104,2,0.1739130434782608,0.0033444816053511
134494,50,470,0.1063829787234042,22,49.0,2.031321971441732,1006,334,0,0.3320079522862823,0.0
70088,434,1303,0.3330775134305448,60,177.0,6.344086021505377,1872,307,0,0.1639957264957265,0.0
25552,411,590,0.6966101694915254,24,43.0,1.429626893239749,1055,137,2,0.1298578199052132,0.0018957345971563
25716,104,699,0.1487839771101573,46,102.0,3.2278481012658227,1688,511,2,0.3027251184834123,0.0011848341232227
25503,111,408,0.2720588235294117,55,74.0,6.851851851851851,737,182,4,0.2469470827679782,0.005427408412483
30437,114,637,0.1789638932496075,68,39.0,2.475317348377997,1178,280,0,0.2376910016977928,0.0
25988,6,20,0.3,2,2.0,4.5,30,5,1,0.1666666666666666,0.0333333333333333
207143,533,1832,0.2909388646288209,266,234.0,6.882352941176471,2886,488,3,0.1690921690921691,0.001039501039501
263766,452,1293,0.3495746326372776,65,254.0,7.812713602187286,2065,377,4,0.1825665859564164,0.0019370460048426
21097,618,1660,0.372289156626506,124,283.0,7.861111111111111,2495,553,1,0.2216432865731463,0.0004008016032064
256480,28,370,0.0756756756756756,11,39.0,2.294117647058824,904,273,0,0.3019911504424779,0.0
7920,213,1006,0.2117296222664016,92,156.0,7.727022564667033,1873,388,0,0.2071542979177789,0.0
26134,343,1022,0.3356164383561644,61,278.0,8.990298239310098,1775,376,6,0.2118309859154929,0.0033802816901408
26384,234,1198,0.1953255425709515,118,127.0,3.697832416693627,2642,835,3,0.3160484481453444,0.0011355034065102
90880,46,325,0.1415384615384615,21,40.0,3.4782608695652173,703,201,1,0.2859174964438122,0.0014224751066856
229198,77,652,0.1180981595092024,33,92.0,4.44206008583691,1309,347,3,0.2650878533231474,0.0022918258212375
26068,34,110,0.3090909090909091,20,20.0,10.90909090909091,189,52,0,0.2751322751322751,0.0
260002,287,1280,0.22421875,151,171.0,6.518424396442185,2119,428,4,0.2019820670127418,0.0018876828692779
25943,625,1621,0.3855644663787785,161,306.0,8.292682926829269,2481,531,4,0.2140266021765417,0.0016122531237404
26314,270,1103,0.2447869446962828,129,150.0,6.814740030287733,1823,409,2,0.224355458036204,0.0010970927043335
25805,124,458,0.2707423580786026,44,74.0,6.361031518624642,892,233,0,0.2612107623318385,0.0
270866,343,844,0.4063981042654028,84,243.0,9.529411764705882,1574,404,0,0.2566709021601016,0.0
26956,150,869,0.1726121979286536,65,46.0,2.510612492419648,1642,404,2,0.246041412911084,0.0012180267965895
301017,58,441,0.1315192743764172,23,51.0,2.378238341968912,1300,372,0,0.2861538461538461,0.0
28073,18,140,0.1285714285714285,14,18.0,3.537117903930131,388,120,1,0.3092783505154639,0.0025773195876288
25647,438,1487,0.2945527908540686,216,218.0,6.407576747224036,2508,564,4,0.2248803827751196,0.0015948963317384
14801,360,1056,0.3409090909090909,75,129.0,6.789473684210527,1455,249,1,0.1711340206185567,0.0006872852233676
28908,270,1149,0.2349869451697128,90,296.0,8.222222222222221,2745,756,3,0.2754098360655738,0.0010928961748633
25384,447,579,0.772020725388601,77,42.0,1.2,1288,192,0,0.1490683229813664,0.0
25649,392,1251,0.3133493205435651,153,113.0,6.862348178137652,1579,248,2,0.1570614312856238,0.0012666244458518
25514,36,253,0.1422924901185771,15,26.0,3.4769687964338782,536,160,0,0.2985074626865671,0.0
26528,233,705,0.3304964539007092,74,162.0,7.984665936473165,1321,350,0,0.2649507948523845,0.0
25889,70,532,0.131578947368421,31,57.0,2.7699784017278617,1199,349,0,0.2910758965804837,0.0
25990,288,1016,0.2834645669291338,123,226.0,8.346327451784981,1975,397,0,0.2010126582278481,0.0
275243,136,601,0.2262895174708818,56,90.0,4.134762633996937,1405,437,1,0.3110320284697508,0.0007117437722419
25993,425,1000,0.425,92,220.0,8.148148148148149,1644,361,5,0.2195863746958637,0.0030413625304136
209117,498,2118,0.235127478753541,230,152.0,5.781910397295013,2981,366,6,0.1227775914122777,0.0020127474002012
341973,515,1473,0.3496266123557366,199,248.0,7.997133643855249,2710,633,0,0.2335793357933579,0.0
246946,372,1525,0.2439344262295082,177,287.0,8.463302752293577,2399,489,2,0.2038349312213422,0.0008336807002917
25776,104,610,0.1704918032786885,58,64.0,2.952332137365454,1474,415,2,0.2815468113975576,0.0013568521031207
228963,379,1380,0.2746376811594203,152,246.0,8.386363636363637,2472,580,2,0.2346278317152103,0.0008090614886731
366581,390,1220,0.319672131147541,75,169.0,5.210688591983557,1866,302,1,0.1618435155412647,0.0005359056806002
25704,117,489,0.2392638036809816,59,38.0,4.018801410105758,717,145,5,0.202231520223152,0.00697350069735
228981,319,1462,0.2181942544459644,165,182.0,5.273663876368319,2627,756,4,0.2877807384849638,0.0015226494099733
149054,64,467,0.1370449678800856,35,68.0,3.3260869565217392,1034,288,0,0.2785299806576402,0.0
353833,75,706,0.1062322946175637,40,25.0,1.0373443983402488,1451,339,3,0.2336319779462439,0.0020675396278428
366563,156,446,0.3497757847533632,42,88.0,7.394957983193277,745,178,1,0.2389261744966443,0.0013422818791946
300784,180,797,0.2258469259723965,74,183.0,8.569198751300728,1701,434,2,0.2551440329218107,0.0011757789535567
20677,181,603,0.3001658374792703,58,99.0,5.544492843808339,1076,274,0,0.2546468401486988,0.0
28922,255,1141,0.2234881682734443,157,81.0,3.0604534005037785,2024,473,4,0.233695652173913,0.0019762845849802
331923,133,410,0.324390243902439,50,62.0,7.77158774373259,647,124,2,0.1916537867078825,0.0030911901081916
25845,473,679,0.6966126656848306,15,30.0,0.8823529411764706,1289,154,1,0.1194724592707525,0.0007757951900698
43196,119,579,0.2055267702936096,48,155.0,6.814851001465559,1504,408,0,0.2712765957446808,0.0
366571,33,243,0.1358024691358024,17,32.0,3.243243243243243,554,173,0,0.3122743682310469,0.0
325781,139,640,0.2171875,82,78.0,4.029850746268657,1243,358,1,0.2880128720836685,0.0008045052292839
245807,16,120,0.1333333333333333,9,19.0,5.719063545150501,339,91,0,0.2684365781710914,0.0
482491,5,49,0.1020408163265306,3,4.0,2.8346456692913384,125,38,1,0.304,0.008
40301,343,1144,0.2998251748251748,137,213.0,7.212189616252822,2457,758,3,0.3085063085063085,0.0012210012210012
38236,43,210,0.2047619047619047,18,45.0,6.994818652849741,415,126,2,0.3036144578313253,0.0048192771084337
399576,10,120,0.0833333333333333,4,23.0,5.214105793450881,265,86,0,0.3245283018867924,0.0
26414,105,321,0.3271028037383177,40,32.0,4.7368421052631575,487,107,4,0.2197125256673511,0.0082135523613963
256706,161,620,0.2596774193548387,74,63.0,5.5588235294117645,906,164,3,0.1810154525386313,0.0033112582781456
25643,359,1055,0.3402843601895735,104,179.0,7.444547134935305,1694,349,3,0.2060212514757969,0.0017709563164108
134797,61,254,0.2401574803149606,30,31.0,5.072727272727273,522,163,0,0.3122605363984674,0.0
364772,204,554,0.3682310469314079,69,148.0,8.516624040920716,1059,271,0,0.2559017941454202,0.0
374118,13,79,0.1645569620253164,6,5.0,2.528089887640449,171,59,0,0.3450292397660818,0.0
26131,38,58,0.6551724137931034,3,1.0,0.286624203821656,128,23,0,0.1796875,0.0
25392,344,986,0.3488843813387424,66,181.0,6.616571892770106,1502,274,2,0.1824234354194407,0.0013315579227696
25650,104,487,0.2135523613963039,32,90.0,6.0765191297824455,950,241,1,0.2536842105263158,0.0010526315789473
25710,160,551,0.2903811252268602,25,84.0,6.331658291457286,826,86,2,0.1041162227602905,0.0024213075060532
29590,58,253,0.2292490118577075,25,31.0,5.502958579881656,506,161,1,0.3181818181818182,0.0019762845849802
404227,4,16,0.25,1,0.0,0.0,27,10,0,0.3703703703703703,0.0
48318,38,298,0.1275167785234899,16,29.0,4.189406099518459,633,159,0,0.2511848341232227,0.0
266917,13,67,0.1940298507462686,3,9.0,4.153846153846154,138,32,0,0.2318840579710145,0.0
292654,136,395,0.3443037974683544,15,68.0,8.464730290456432,623,100,0,0.160513643659711,0.0
25938,13,64,0.203125,7,2.0,1.7307692307692308,112,30,0,0.2678571428571428,0.0
25637,115,353,0.3257790368271954,51,59.0,7.7745241581259155,602,124,0,0.2059800664451827,0.0
253784,10,64,0.15625,4,9.0,1.8161434977578477,286,100,0,0.3496503496503496,0.0
28965,33,234,0.141025641025641,17,55.0,4.843444227005871,779,206,2,0.2644415917843389,0.0025673940949935
209207,56,194,0.2886597938144329,19,33.0,6.332622601279318,393,114,1,0.2900763358778626,0.0025445292620865
274970,19,138,0.1376811594202898,9,12.0,1.3567839195979898,475,158,1,0.3326315789473684,0.0021052631578947
25703,1,9,0.1111111111111111,1,1.0,11.25,11,0,0,0.0,0.0
20606,7,12,0.5833333333333334,0,1.0,1.0,28,4,0,0.1428571428571428,0.0
8580,154,220,0.7,35,25.0,1.3888888888888888,600,90,0,0.15,0.0
49971,63,321,0.1962616822429906,22,73.0,5.0,852,278,0,0.3262910798122065,0.0
70403,107,406,0.2635467980295566,56,46.0,5.425950196592399,690,154,0,0.2231884057971014,0.0
254898,55,357,0.1540616246498599,14,68.0,5.941747572815534,843,231,1,0.2740213523131672,0.0011862396204033
8392,16,106,0.1509433962264151,5,9.0,4.655172413793103,193,48,0,0.2487046632124352,0.0
399514,3,17,0.1764705882352941,0,3.0,3.6,49,20,0,0.4081632653061224,0.0
7915,43,218,0.1972477064220183,17,36.0,5.595854922279792,430,113,0,0.2627906976744186,0.0
61979,30,105,0.2857142857142857,8,29.0,11.201716738197424,175,40,0,0.2285714285714285,0.0
234408,1,7,0.1428571428571428,0,2.0,6.428571428571429,17,5,0,0.2941176470588235,0.0
302520,3,56,0.0535714285714285,1,11.0,6.226415094339623,140,38,0,0.2714285714285714,0.0
280157,0,5,0.0,0,0.0,0.0,35,13,0,0.3714285714285714,0.0
20803,127,542,0.2343173431734317,60,89.0,6.929065743944636,1061,244,0,0.2299717247879359,0.0
4362,65,359,0.181058495821727,37,22.0,2.946428571428571,572,144,0,0.2517482517482518,0.0
50461,9,60,0.15,2,9.0,3.0223880597014925,171,61,0,0.3567251461988304,0.0
364820,24,174,0.1379310344827586,9,35.0,2.9633113828786453,607,221,0,0.3640856672158155,0.0
3885,135,323,0.4179566563467492,53,106.0,8.7926267281106,728,244,0,0.3351648351648351,0.0
3866,125,573,0.2181500872600349,63,112.0,6.363636363636363,1091,254,4,0.2328139321723189,0.0036663611365719
4003,98,260,0.3769230769230769,23,54.0,7.221396731054978,466,89,0,0.1909871244635193,0.0
367391,0,1,0.0,0,0.0,0.0,1,0,0,0.0,0.0
3828,387,1164,0.3324742268041237,60,149.0,7.483258928571429,1622,253,6,0.155980271270037,0.0036991368680641
37836,24,224,0.1071428571428571,10,25.0,3.3682634730538923,406,128,0,0.3152709359605911,0.0
266885,9,85,0.1058823529411764,6,16.0,3.364485981308411,296,101,0,0.3412162162162162,0.0
278007,120,435,0.2758620689655172,38,96.0,7.776777677767776,911,243,2,0.2667398463227223,0.0021953896816684
7848,58,75,0.7733333333333333,23,10.0,2.0,194,30,0,0.1546391752577319,0.0
8213,26,81,0.3209876543209876,16,9.0,5.547945205479452,159,42,0,0.2641509433962264,0.0
3663,66,101,0.6534653465346535,2,6.0,1.7142857142857142,154,25,2,0.1623376623376623,0.0129870129870129
247173,33,50,0.66,13,2.0,0.5,137,32,0,0.2335766423357664,0.0
114055,10,57,0.175438596491228,8,11.0,3.991935483870968,175,61,1,0.3485714285714286,0.0057142857142857
5327,11,62,0.1774193548387097,5,9.0,7.570093457943925,128,32,0,0.25,0.0
3919,21,79,0.2658227848101265,7,18.0,9.257142857142858,133,28,0,0.2105263157894736,0.0
3486,25,37,0.6756756756756757,1,3.0,1.1946902654867255,96,13,0,0.1354166666666666,0.0
20941,210,1114,0.1885098743267504,114,53.0,2.203233256351039,1825,367,2,0.2010958904109589,0.0010958904109589
354552,12,102,0.1176470588235294,5,9.0,2.5632911392405062,275,88,0,0.32,0.0
300373,59,195,0.3025641025641025,19,35.0,6.589958158995816,402,74,0,0.1840796019900497,0.0
14855,53,208,0.2548076923076923,9,14.0,5.101214574898785,253,28,0,0.1106719367588932,0.0
170738,85,262,0.3244274809160305,21,40.0,6.629834254143646,420,81,1,0.1928571428571428,0.0023809523809523
213387,4,20,0.2,1,2.0,3.4615384615384617,40,17,0,0.425,0.0
415348,0,16,0.0,0,3.0,6.9230769230769225,37,9,0,0.2432432432432432,0.0
22817,9,13,0.6923076923076923,1,2.0,2.0,23,0,0,0.0,0.0
15039,88,393,0.2239185750636132,42,74.0,7.184466019417475,793,223,1,0.2812105926860025,0.0012610340479192
51689,6,45,0.1333333333333333,1,7.0,3.247422680412371,126,48,0,0.3809523809523809,0.0
14821,65,81,0.8024691358024691,4,4.0,1.3333333333333333,145,16,0,0.1103448275862069,0.0
366193,5,17,0.2941176470588235,4,4.0,4.444444444444445,51,18,0,0.3529411764705882,0.0
49869,109,401,0.2718204488778055,38,46.0,5.136476426799008,594,139,0,0.234006734006734,0.0
49992,13,71,0.1830985915492957,4,8.0,4.0,177,55,0,0.3107344632768362,0.0
25589,134,371,0.3611859838274933,32,79.0,9.045801526717558,622,129,0,0.2073954983922829,0.0
372316,0,1,0.0,0,1.0,90.0,2,0,0,0.0,0.0
337775,4,18,0.2222222222222222,0,3.0,3.9705882352941178,60,22,0,0.3666666666666666,0.0
97555,45,152,0.2960526315789473,20,39.0,8.106235565819862,363,91,0,0.2506887052341597,0.0
14998,212,618,0.343042071197411,59,99.0,6.801526717557252,1011,219,1,0.2166172106824926,0.0009891196834817
15050,15,70,0.2142857142857142,9,15.0,8.282208588957054,134,48,0,0.3582089552238806,0.0
15012,191,546,0.3498168498168498,71,81.0,7.55440414507772,797,142,0,0.178168130489335,0.0
343729,6,61,0.0983606557377049,5,7.0,2.625,164,59,0,0.3597560975609756,0.0
365880,9,32,0.28125,3,3.0,1.862068965517241,76,20,0,0.2631578947368421,0.0
366546,16,275,0.0581818181818181,8,28.0,2.117647058823529,684,185,0,0.2704678362573099,0.0
214609,126,182,0.6923076923076923,1,6.0,0.5454545454545454,368,30,0,0.0815217391304347,0.0
25800,254,948,0.2679324894514768,119,121.0,6.656479217603912,1451,342,0,0.2356995175740868,0.0
25781,102,141,0.723404255319149,0,7.0,0.8583106267029973,288,30,0,0.1041666666666666,0.0
366760,69,301,0.2292358803986711,32,56.0,6.043165467625899,644,164,0,0.2546583850931677,0.0
407699,41,235,0.1744680851063829,18,56.0,7.730061349693251,458,136,0,0.296943231441048,0.0
454388,4,15,0.2666666666666666,0,5.0,7.377049180327869,64,21,0,0.328125,0.0
28251,19,72,0.2638888888888889,12,21.0,9.130434782608695,149,43,0,0.2885906040268456,0.0
25633,29,48,0.6041666666666666,2,3.0,1.0,104,17,0,0.1634615384615384,0.0
149062,159,587,0.2708688245315162,67,80.0,6.02510460251046,848,200,0,0.2358490566037736,0.0
25474,22,284,0.0774647887323943,12,22.0,2.2073578595317724,590,160,0,0.2711864406779661,0.0
26665,7,67,0.1044776119402985,5,1.0,0.3284671532846716,154,48,0,0.3116883116883117,0.0
421809,2,17,0.1176470588235294,2,3.0,5.74468085106383,34,7,0,0.2058823529411764,0.0
331913,0,4,0.0,0,0.0,0.0,14,5,0,0.3571428571428571,0.0
352985,14,23,0.6086956521739131,0,2.0,2.0,43,3,0,0.0697674418604651,0.0
278316,7,14,0.5,0,2.0,2.0,40,10,0,0.25,0.0
122623,1,9,0.1111111111111111,0,3.0,10.384615384615383,17,5,1,0.2941176470588235,0.0588235294117647
86350,19,27,0.7037037037037037,3,0.0,0.0,69,15,0,0.217391304347826,0.0
3672,2,3,0.6666666666666666,2,0.0,0.0,9,3,0,0.3333333333333333,0.0
222324,7,10,0.7,2,0.0,0.0,23,3,0,0.1304347826086956,0.0
263092,6,31,0.1935483870967742,4,4.0,6.666666666666667,50,14,0,0.28,0.0
20771,15,21,0.7142857142857143,0,3.0,2.621359223300971,49,7,0,0.1428571428571428,0.0
239290,11,46,0.2391304347826087,0,11.0,11.511627906976743,82,20,0,0.2439024390243902,0.0
7858,151,674,0.2240356083086053,50,58.0,5.465968586387435,991,117,0,0.1180625630676084,0.0
99452,16,133,0.1203007518796992,5,4.0,0.8181818181818181,287,86,0,0.2996515679442508,0.0
145787,122,386,0.3160621761658031,30,49.0,8.091743119266056,555,83,2,0.1495495495495495,0.0036036036036036
523089,47,186,0.2526881720430107,14,17.0,3.903061224489796,283,53,0,0.1872791519434629,0.0
434142,0,7,0.0,0,1.0,5.0,16,4,0,0.25,0.0
366203,3,32,0.09375,2,6.0,5.869565217391305,74,32,0,0.4324324324324324,0.0
266532,1,8,0.125,1,1.0,10.0,15,5,0,0.3333333333333333,0.0
337656,2,3,0.6666666666666666,2,1.0,5.294117647058823,8,2,0,0.25,0.0
363648,0,3,0.0,0,0.0,0.0,9,5,0,0.5555555555555556,0.0
20531,60,284,0.2112676056338028,40,5.0,1.1278195488721805,390,86,0,0.2205128205128205,0.0
255320,3,42,0.0714285714285714,1,3.0,3.4177215189873418,81,25,0,0.3086419753086419,0.0
62344,1,7,0.1428571428571428,0,2.0,9.473684210526317,17,5,0,0.2941176470588235,0.0
227756,1,4,0.25,1,0.0,0.0,7,1,0,0.1428571428571428,0.0
447254,1,4,0.25,1,1.0,4.5,8,3,0,0.375,0.0
396539,0,5,0.0,1,1.0,3.4615384615384617,15,5,0,0.3333333333333333,0.0
344065,8,32,0.25,0,8.0,8.0,74,18,0,0.2432432432432432,0.0
339857,0,3,0.0,0,1.0,18.0,7,3,0,0.4285714285714285,0.0
364641,4,13,0.3076923076923077,1,0.0,0.0,17,1,0,0.0588235294117647,0.0
86785,7,25,0.28,1,5.0,10.227272727272728,40,7,0,0.175,0.0
69610,2,16,0.125,2,2.0,1.894736842105263,46,13,0,0.2826086956521739,0.0
364640,2,13,0.1538461538461538,0,2.0,2.686567164179104,23,3,0,0.1304347826086956,0.0
15015,7,33,0.2121212121212121,2,7.0,8.181818181818182,69,21,0,0.3043478260869565,0.0
14822,37,59,0.6271186440677966,3,6.0,3.0,99,10,0,0.101010101010101,0.0
272435,52,169,0.3076923076923077,12,56.0,11.2,339,90,0,0.2654867256637168,0.0
391425,17,82,0.2073170731707317,2,11.0,4.230769230769231,168,37,1,0.2202380952380952,0.0059523809523809
471947,2,29,0.0689655172413793,0,7.0,5.625,73,18,0,0.2465753424657534,0.0
448246,2,9,0.2222222222222222,2,2.0,7.199999999999999,21,7,0,0.3333333333333333,0.0
391439,1,16,0.0625,0,2.0,3.2142857142857144,41,14,0,0.3414634146341463,0.0
476054,1,7,0.1428571428571428,0,0.0,0.0,16,4,0,0.25,0.0
221443,0,24,0.0,1,3.0,4.576271186440678,49,10,0,0.2040816326530612,0.0
145014,0,6,0.0,1,0.0,0.0,13,7,0,0.5384615384615384,0.0
26603,3,3,1.0,2,0.0,0.0,3,0,0,0.0,0.0
471589,5,54,0.0925925925925925,3,2.0,0.5921052631578947,170,63,0,0.3705882352941176,0.0
405977,2,12,0.1666666666666666,1,7.0,21.72413793103448,36,10,0,0.2777777777777778,0.0
270306,37,74,0.5,15,14.0,8.181818181818182,119,28,1,0.2352941176470588,0.0084033613445378
372547,35,76,0.4605263157894737,8,18.0,6.0,148,35,2,0.2364864864864864,0.0135135135135135
25479,0,1,0.0,0,0.0,,1,0,0,0.0,0.0
286506,26,141,0.1843971631205673,10,33.0,8.4375,299,83,0,0.2775919732441471,0.0
216614,4,35,0.1142857142857142,1,5.0,6.521739130434782,59,12,0,0.2033898305084746,0.0
217867,11,25,0.44,3,10.0,10.0,36,11,0,0.3055555555555556,0.0
14763,46,337,0.1364985163204747,25,46.0,3.115124153498871,874,277,1,0.3169336384439359,0.0011441647597254
8013,258,1107,0.2330623306233062,132,131.0,4.575087310826542,2054,670,3,0.3261927945472249,0.0014605647517039
8498,115,551,0.2087114337568058,69,71.0,5.107913669064748,840,186,0,0.2214285714285714,0.0
8488,282,876,0.3219178082191781,51,232.0,7.409510290986516,1596,358,0,0.2243107769423558,0.0
8953,24,190,0.1263157894736842,18,32.0,2.796116504854369,615,226,0,0.367479674796748,0.0
7885,324,1517,0.2135794330916282,180,183.0,5.250239081925407,2730,625,1,0.2289377289377289,0.0003663003663003
4255,20,113,0.1769911504424778,10,10.0,3.2142857142857144,345,114,0,0.3304347826086956,0.0
25707,278,1327,0.2094951017332328,145,34.0,1.2582236842105263,2477,440,2,0.1776342349616471,0.0008074283407347
25553,848,2713,0.3125691116844821,306,306.0,8.27027027027027,3710,636,3,0.1714285714285714,0.0008086253369272
28291,252,1048,0.2404580152671755,142,158.0,6.513971598717361,1850,384,7,0.2075675675675675,0.0037837837837837
55979,481,1507,0.3191771731917717,160,360.0,9.473684210526317,2513,612,3,0.243533625149224,0.0011937922801432
56038,604,833,0.7250900360144058,104,79.0,2.0789473684210527,1665,293,5,0.1759759759759759,0.003003003003003
9419,119,663,0.1794871794871795,45,79.0,2.8937728937728937,1452,381,4,0.262396694214876,0.0027548209366391
214654,33,356,0.0926966292134831,22,67.0,3.245425188374596,1315,445,1,0.338403041825095,0.0007604562737642
105333,154,916,0.168122270742358,74,60.0,2.863202545068929,1739,402,3,0.2311673375503162,0.0017251293847038
282550,167,696,0.2399425287356321,85,102.0,5.48714883442917,1308,394,1,0.3012232415902141,0.0007645259938837
8495,72,375,0.192,47,40.0,6.870229007633588,517,106,0,0.2050290135396518,0.0
423162,8,18,0.4444444444444444,1,1.0,9.0,24,2,0,0.0833333333333333,0.0
70156,117,722,0.1620498614958448,49,79.0,4.619883040935672,1374,347,4,0.25254730713246,0.0029112081513828
127537,430,1559,0.2758178319435536,235,311.0,9.08176508760545,2639,637,2,0.2413793103448276,0.0007578628268283
8471,177,1059,0.1671388101983003,66,143.0,4.1184,2337,592,2,0.2533162173727,0.0008557980316645
397168,178,628,0.2834394904458598,81,131.0,7.396486825595985,1169,324,2,0.2771599657827203,0.001710863986313
14688,189,550,0.3436363636363636,53,134.0,7.686424474187381,966,230,1,0.238095238095238,0.0010351966873706
92899,286,981,0.291539245667686,87,179.0,6.749057394218685,2242,676,2,0.3015165031222123,0.0008920606601248
7929,268,1081,0.2479185938945421,160,113.0,5.330188679245283,1707,406,3,0.2378441710603397,0.0017574692442882
8889,306,934,0.3276231263383297,87,186.0,7.5780896333182435,1623,413,4,0.2544670363524338,0.0024645717806531
160,224,822,0.2725060827250608,118,147.0,7.273227047828477,1523,391,0,0.2567301378857518,0.0
8266,291,392,0.7423469387755102,31,50.0,2.1136683889149834,937,143,0,0.1526147278548559,0.0
8623,220,1020,0.2156862745098039,105,190.0,7.016823963890029,1927,499,3,0.2589517384535547,0.001556824078879
8980,120,776,0.1546391752577319,59,69.0,2.64818763326226,1358,368,1,0.2709867452135493,0.0007363770250368
332605,65,422,0.1540284360189573,27,62.0,4.525547445255475,910,245,0,0.2692307692307692,0.0
11294,61,347,0.1757925072046109,27,79.0,5.329835082458771,771,291,0,0.377431906614786,0.0
9164,79,337,0.2344213649851632,31,80.0,7.586933614330874,703,179,1,0.2546230440967283,0.0014224751066856
7934,138,917,0.1504907306434024,90,59.0,2.919186366135239,1594,345,1,0.2164366373902133,0.0006273525721455
101652,131,348,0.3764367816091954,38,57.0,7.990654205607476,555,108,1,0.1945945945945946,0.0018018018018018
71654,533,829,0.6429433051869723,12,68.0,1.9154929577464788,1242,106,0,0.0853462157809984,0.0
7922,297,1071,0.2773109243697479,41,218.0,7.739644970414201,1798,316,1,0.1757508342602892,0.0005561735261401
245364,71,1079,0.0658016682113067,31,67.0,2.485572959604287,2033,449,4,0.2208558780127889,0.0019675356615838
20420,17,73,0.2328767123287671,9,3.0,2.621359223300971,119,28,0,0.2352941176470588,0.0
265673,133,956,0.1391213389121338,31,61.0,3.611842105263158,1504,282,1,0.1875,0.0006648936170212
77558,147,702,0.2094017094017094,64,130.0,5.174701459531181,1560,474,2,0.3038461538461538,0.0012820512820512
120353,114,915,0.1245901639344262,53,45.0,1.3860369609856262,2132,605,2,0.2837711069418386,0.0009380863039399
8319,362,1473,0.2457569585879158,204,121.0,6.176971072036302,2137,405,2,0.1895180159101544,0.0009358914365933
77546,225,718,0.3133704735376044,53,203.0,9.950980392156865,1287,316,4,0.2455322455322455,0.0031080031080031
25747,123,933,0.1318327974276527,58,64.0,2.540802823114248,1807,432,2,0.2390702822357498,0.0011068068622025
8143,263,1074,0.2448789571694599,134,198.0,8.370126820103335,1736,383,2,0.2206221198156682,0.0011520737327188
25413,76,657,0.1156773211567732,26,59.0,2.401628222523745,1458,418,1,0.2866941015089163,0.0006858710562414
7856,95,233,0.407725321888412,17,30.0,7.397260273972603,317,27,2,0.085173501577287,0.0063091482649842
7882,488,689,0.7082728592162555,31,59.0,1.7467105263157894,1278,168,1,0.1314553990610328,0.0007824726134585
3361,260,1418,0.1833568406205923,142,82.0,2.8828125,2661,738,2,0.2773393461104848,0.0007515971439308
383,208,1165,0.1785407725321888,77,100.0,3.1960227272727275,2291,662,1,0.2889567874290702,0.0004364906154517
14869,226,1251,0.1806554756195044,102,118.0,4.932652113330237,2049,429,8,0.2093704245973645,0.0039043435822352
8136,305,889,0.343082114735658,78,173.0,7.863636363636363,1488,349,1,0.2345430107526881,0.0006720430107526
26010,29,298,0.0973154362416107,10,25.0,2.284263959390863,751,248,0,0.3302263648468708,0.0
3928,173,820,0.2109756097560975,89,140.0,8.904593639575973,1263,290,2,0.229612034837688,0.0015835312747426
8004,222,668,0.3323353293413174,74,144.0,7.426934097421204,1191,342,2,0.2871536523929471,0.0016792611251049
9227,180,1057,0.1702932828760643,76,163.0,5.22249911000356,2208,710,0,0.3215579710144927,0.0
12536,49,356,0.1376404494382022,21,47.0,2.1592649310872893,1018,351,0,0.3447937131630648,0.0
26150,265,1216,0.2179276315789473,142,119.0,3.6219141021305377,2615,660,2,0.2523900573613766,0.0007648183556405
70215,82,476,0.1722689075630252,29,88.0,4.439461883408072,1158,345,0,0.2979274611398964,0.0
189821,117,436,0.268348623853211,51,72.0,6.195028680688337,880,204,0,0.2318181818181818,0.0
9637,88,636,0.1383647798742138,40,81.0,2.967032967032967,1991,618,2,0.310396785534907,0.0010045203415369
8351,294,1108,0.2653429602888086,138,139.0,6.754859611231101,1610,325,3,0.201863354037267,0.001863354037267
64966,146,466,0.3133047210300429,55,93.0,7.105263157894737,863,231,1,0.2676709154113557,0.0011587485515643
8242,365,1274,0.2864992150706436,67,329.0,8.989071038251366,2262,544,7,0.2404951370468611,0.0030946065428824
15526,227,1227,0.1850040749796251,108,96.0,2.9308005427408417,2285,668,1,0.2923413566739606,0.0004376367614879
247248,108,689,0.1567489114658926,41,118.0,5.759219088937094,1525,431,1,0.2826229508196721,0.000655737704918
86308,82,364,0.2252747252747252,37,93.0,9.3,657,168,2,0.2557077625570776,0.0030441400304414
8976,319,1388,0.2298270893371758,201,129.0,4.521028037383178,2111,497,4,0.2354334438654666,0.0018948365703458
8958,90,626,0.1437699680511182,55,103.0,3.3190118152524164,1686,560,0,0.33214709371293,0.0
179,22,204,0.1078431372549019,7,19.0,2.785016286644951,452,114,0,0.252212389380531,0.0
8370,239,878,0.2722095671981777,133,132.0,6.165023352361184,1503,413,2,0.2747837658017298,0.0013306719893546
346071,12,140,0.0857142857142857,2,20.0,5.056179775280898,299,90,0,0.3010033444816054,0.0
54,458,2196,0.2085610200364298,272,137.0,3.822070675759455,3408,800,2,0.2347417840375587,0.0005868544600938
13484,208,1184,0.1756756756756756,101,125.0,3.786603837091888,2506,656,3,0.2617717478052673,0.0011971268954509
8717,117,594,0.1969696969696969,70,49.0,1.4304249108011675,1857,594,4,0.3198707592891761,0.0021540118470651
447812,44,171,0.2573099415204678,16,35.0,6.521739130434783,326,91,0,0.2791411042944785,0.0
26499,132,749,0.1762349799732977,39,116.0,5.556146886641831,1695,439,1,0.2589970501474926,0.0005899705014749
8313,314,1203,0.2610141313383208,143,286.0,7.826086956521739,2512,685,6,0.2726910828025478,0.0023885350318471
8582,375,1350,0.2777777777777778,165,196.0,5.738451528952504,2374,614,1,0.2586352148272957,0.0004212299915754
14703,73,689,0.1059506531204644,35,102.0,3.8603868797308665,1694,495,1,0.2922077922077922,0.0005903187721369
25572,67,533,0.1257035647279549,35,74.0,3.617599130907116,1198,342,1,0.2854757929883139,0.0008347245409015
346101,228,1074,0.2122905027932961,108,124.0,7.0812182741116745,1710,436,2,0.2549707602339181,0.0011695906432748
406682,37,266,0.1390977443609022,33,23.0,2.8395061728395063,586,154,0,0.2627986348122867,0.0
134,118,357,0.330532212885154,40,88.0,6.376811594202898,658,181,1,0.2750759878419453,0.0015197568389057
288865,7,80,0.0875,6,5.0,1.67910447761194,198,57,0,0.2878787878787879,0.0
37726,65,210,0.3095238095238095,16,60.0,8.023774145616642,470,129,2,0.274468085106383,0.0042553191489361
284476,31,202,0.1534653465346534,14,37.0,5.791304347826086,491,141,1,0.2871690427698574,0.0020366598778004
8384,29,340,0.0852941176470588,12,50.0,2.853519340519975,1106,401,1,0.3625678119349005,0.0009041591320072
14870,576,1577,0.3652504755865567,144,171.0,7.718154463390171,2172,304,1,0.1399631675874769,0.0004604051565377
4908,172,799,0.2152690863579474,50,92.0,6.550632911392405,1278,262,1,0.2050078247261345,0.0007824726134585
337225,19,139,0.1366906474820144,6,23.0,3.1458966565349544,399,129,2,0.3233082706766917,0.0050125313283208
8643,237,894,0.2651006711409396,102,233.0,9.141238012205754,1748,505,3,0.2889016018306636,0.0017162471395881
7907,24,146,0.1643835616438356,15,6.0,0.9908256880733946,337,94,1,0.2789317507418398,0.0029673590504451
8140,44,216,0.2037037037037037,25,8.0,2.8125,328,72,1,0.2195121951219512,0.0030487804878048
0,6,31,0.1935483870967742,4,,,226038,37113,0,0.1641892071244658,0.0
21164,451,1167,0.3864610111396744,113,243.0,8.169592827792306,1874,398,0,0.2123799359658484,0.0
8362,51,114,0.4473684210526316,21,34.0,6.6958424507658645,213,59,1,0.2769953051643192,0.0046948356807511
7941,39,340,0.1147058823529411,23,22.0,1.2823834196891193,835,235,0,0.281437125748503,0.0
120339,172,834,0.2062350119904076,110,67.0,6.931034482758621,1024,110,1,0.107421875,0.0009765625
8272,28,76,0.3684210526315789,14,20.0,11.920529801324504,125,24,0,0.192,0.0
3662,35,51,0.6862745098039216,0,2.0,0.8,88,9,0,0.1022727272727272,0.0
3296,575,872,0.6594036697247706,26,40.0,1.3333333333333333,1486,215,4,0.1446837146702557,0.0026917900403768
3791,249,763,0.3263433813892529,78,130.0,9.307875894988069,1207,255,4,0.2112676056338028,0.0033140016570008
254,440,1475,0.2983050847457627,181,264.0,7.6032,2788,749,2,0.2686513629842181,0.0007173601147776
3705,216,980,0.2204081632653061,125,141.0,5.420760358821016,1757,454,1,0.2583949914627205,0.0005691519635742
3645,174,873,0.1993127147766323,86,111.0,4.7844827586206895,1670,438,0,0.2622754491017964,0.0
116283,92,577,0.1594454072790294,53,71.0,3.2870370370370368,1495,395,2,0.2642140468227424,0.0013377926421404
357992,0,4,0.0,0,0.0,0.0,18,7,0,0.3888888888888889,0.0
40550,204,1172,0.1740614334470989,115,99.0,4.595152140278494,1838,342,1,0.1860718171926006,0.000544069640914
3341,590,1718,0.3434225844004656,143,210.0,7.178123813140903,2490,347,4,0.1393574297188755,0.0016064257028112
50102,288,870,0.3310344827586207,71,222.0,9.0,1606,394,7,0.2453300124533001,0.0043586550435865
40614,348,1307,0.2662586074980872,152,249.0,8.472589792060491,2212,484,6,0.2188065099457504,0.0027124773960217
32652,194,792,0.2449494949494949,105,40.0,2.467443454420836,1304,323,3,0.2476993865030675,0.0023006134969325
3644,198,557,0.3554757630161579,38,78.0,7.834821428571429,816,129,0,0.1580882352941176,0.0
4371,206,840,0.2452380952380952,71,172.0,7.636901825357671,1716,373,3,0.2173659673659673,0.0017482517482517
247206,300,426,0.704225352112676,34,43.0,1.5081839438815277,985,136,0,0.1380710659898477,0.0
279533,316,896,0.3526785714285714,78,163.0,7.409090909090909,1356,340,2,0.2507374631268436,0.0014749262536873
282438,207,1061,0.1950989632422243,83,204.0,6.5152590489709015,2144,528,1,0.2462686567164179,0.0004664179104477
3317,143,634,0.2255520504731861,67,77.0,5.671031096563012,1139,260,1,0.228270412642669,0.0008779631255487
25577,30,345,0.0869565217391304,20,22.0,1.5689381933438986,763,195,2,0.255570117955439,0.0026212319790301
5400,190,1087,0.1747930082796688,105,126.0,3.323563892145369,2629,832,4,0.3164701407379232,0.00152149106124
3293,72,551,0.1306715063520871,41,100.0,5.145797598627787,1354,447,4,0.3301329394387001,0.0029542097488921
241945,157,1006,0.1560636182902584,72,68.0,2.415153906866614,2081,451,11,0.2167227294569918,0.0052859202306583
3822,341,580,0.5879310344827586,24,35.0,1.5909090909090908,963,176,2,0.1827622014537902,0.0020768431983385
3277,491,1333,0.3683420855213803,91,194.0,7.185185185185185,1964,336,2,0.1710794297352342,0.0010183299389002
281255,26,273,0.0952380952380952,18,31.0,4.305555555555555,636,168,1,0.2641509433962264,0.0015723270440251
140125,107,571,0.1873905429071803,55,49.0,4.016393442622951,887,161,4,0.181510710259301,0.0045095828635851
257006,0,5,0.0,0,1.0,5.294117647058823,15,4,0,0.2666666666666666,0.0
3714,45,372,0.1209677419354838,20,60.0,1.984564498346196,1465,546,0,0.3726962457337884,0.0
214062,453,1552,0.2918814432989691,218,210.0,6.622284512964261,2723,687,1,0.2522952625780389,0.0003672420124862
4278,273,1303,0.2095165003837298,140,122.0,3.901918976545842,2260,462,1,0.2044247787610619,0.0004424778761061
4360,476,1225,0.3885714285714285,142,247.0,7.255221932114883,1951,446,2,0.2286007175807278,0.0010251153254741
3510,129,442,0.2918552036199095,66,80.0,7.809110629067246,716,166,1,0.2318435754189944,0.0013966480446927
3468,212,551,0.3847549909255898,76,164.0,8.2,1114,353,1,0.3168761220825852,0.0008976660682226
3572,216,979,0.2206332992849846,102,126.0,4.594813614262561,1720,487,1,0.2831395348837209,0.0005813953488372
4131,43,357,0.1204481792717086,25,66.0,2.583732057416268,1212,446,2,0.367986798679868,0.0016501650165016
120631,324,463,0.6997840172786177,55,59.0,1.999246987951807,1072,181,1,0.1688432835820895,0.0009328358208955
250805,315,956,0.3294979079497908,82,325.0,9.02777777777778,1972,518,4,0.2626774847870182,0.0020283975659229
3287,95,619,0.1534733441033925,39,67.0,2.0,1764,544,2,0.3083900226757369,0.0011337868480725
94828,49,317,0.1545741324921135,30,44.0,3.956043956043956,667,218,1,0.3268365817091454,0.0014992503748125
217031,327,1357,0.240972733971997,150,200.0,7.547169811320755,2220,450,4,0.2027027027027027,0.0018018018018018
359847,112,653,0.1715160796324655,48,130.0,4.791154791154791,1598,505,3,0.3160200250312891,0.0018773466833541
224080,170,436,0.3899082568807339,25,154.0,9.076620825147348,866,236,0,0.2725173210161662,0.0
225022,186,704,0.2642045454545454,67,212.0,8.878548161935784,1608,455,1,0.2829601990049751,0.0006218905472636
25445,18,218,0.0825688073394495,7,32.0,2.569134701159679,562,176,0,0.3131672597864768,0.0
3466,202,590,0.3423728813559322,37,178.0,7.3452544704264096,1175,320,5,0.2723404255319149,0.0042553191489361
247222,126,471,0.267515923566879,63,45.0,3.994082840236686,867,216,2,0.2491349480968858,0.0023068050749711
5542,416,1549,0.2685603615235636,226,259.0,8.378864126527677,2283,495,3,0.216819973718791,0.0013140604467805
247207,218,1131,0.1927497789566755,124,125.0,4.681647940074907,2002,461,1,0.2302697302697302,0.0004995004995004
4094,285,1134,0.2513227513227513,128,182.0,7.289719626168225,2200,572,4,0.26,0.0018181818181818
70507,295,869,0.3394706559263521,113,230.0,9.34959349593496,1436,365,2,0.2541782729805014,0.0013927576601671
3286,748,2153,0.3474222015791918,383,197.0,5.888409166389904,3426,664,11,0.1938120256859311,0.0032107413893753
41363,487,1270,0.3834645669291338,80,212.0,7.276887871853547,1934,365,7,0.1887280248190279,0.0036194415718717
20922,246,359,0.6852367688022284,19,28.0,0.8484848484848485,998,126,2,0.12625250501002,0.002004008016032
279555,36,312,0.1153846153846153,12,41.0,3.2625994694960214,839,266,1,0.3170441001191895,0.00119189511323
326535,97,341,0.2844574780058651,30,57.0,6.477272727272727,639,163,0,0.2550860719874804,0.0
397303,14,107,0.1308411214953271,6,11.0,3.3,224,72,0,0.3214285714285714,0.0
134502,621,1702,0.3648648648648648,183,179.0,6.400476758045293,2361,365,3,0.1545955103769589,0.0012706480304955
261127,89,484,0.1838842975206611,38,46.0,2.621912602913236,1383,357,1,0.2581344902386117,0.0007230657989877
3680,258,1123,0.2297417631344612,141,159.0,6.365658362989324,1835,376,4,0.2049046321525885,0.0021798365122615
3678,229,987,0.232016210739615,102,66.0,3.0665978316985028,1512,292,3,0.1931216931216931,0.0019841269841269
278289,218,1431,0.1523410202655485,90,163.0,5.027416038382453,2669,530,4,0.1985762457849381,0.0014986886474334
3420,136,854,0.1592505854800937,60,95.0,3.76817981489643,1704,449,7,0.2634976525821596,0.0041079812206572
247141,80,712,0.1123595505617977,29,76.0,2.402528977871444,1789,542,3,0.3029625489100055,0.0016769144773616
3464,221,766,0.2885117493472585,70,174.0,7.748639287481445,1468,414,1,0.2820163487738419,0.0006811989100817
20433,249,756,0.3293650793650793,65,128.0,7.332908975175048,1170,233,0,0.1991452991452991,0.0
134503,606,1639,0.3697376449054301,117,258.0,7.737420859713429,2529,466,2,0.1842625543693159,0.0007908264136022
4015,194,1031,0.1881668283220174,67,129.0,4.825436408977556,2042,548,1,0.2683643486777669,0.0004897159647404
225089,162,901,0.1798002219755826,84,117.0,3.418831168831169,2105,688,2,0.3268408551068884,0.0009501187648456
3920,167,603,0.2769485903814262,62,100.0,5.635566687539137,1218,313,5,0.2569786535303777,0.0041050903119868
4332,229,875,0.2617142857142857,94,145.0,6.937799043062202,1446,340,5,0.2351313969571231,0.0034578146611341
25472,28,262,0.1068702290076335,19,44.0,3.120567375886525,777,262,0,0.3371943371943371,0.0
264778,6,34,0.1764705882352941,2,9.0,10.0,56,12,0,0.2142857142857142,0.0
338201,20,162,0.1234567901234567,9,33.0,2.345971563981043,721,248,0,0.3439667128987517,0.0
227894,236,684,0.3450292397660818,60,138.0,7.375296912114014,1191,266,1,0.2233417296389588,0.0008396305625524
395114,220,903,0.2436323366555924,89,116.0,6.529080675422139,1388,234,2,0.1685878962536023,0.0014409221902017
485383,35,206,0.1699029126213592,14,24.0,3.836589698046181,414,107,0,0.2584541062801932,0.0
3827,439,1776,0.2471846846846846,178,263.0,7.879494007989347,3109,754,2,0.242521711161145,0.0006432936635574
6365,195,596,0.3271812080536913,53,143.0,7.866748166259169,1122,285,0,0.2540106951871658,0.0
14723,616,1958,0.3146067415730337,310,95.0,3.7698412698412698,2738,322,5,0.1176040905770635,0.0018261504747991
288091,208,1160,0.1793103448275862,126,51.0,2.495921696574225,1788,297,4,0.1661073825503355,0.0022371364653243
3310,461,1704,0.2705399061032864,202,133.0,5.2871024734982335,2607,548,4,0.2102032988108937,0.0015343306482546
3322,119,727,0.1636863823933975,50,40.0,1.567261645624728,1522,368,0,0.2417871222076215,0.0
70125,116,604,0.1920529801324503,39,75.0,4.226675015654352,1284,365,2,0.2842679127725857,0.0015576323987538
15455,138,358,0.3854748603351955,37,68.0,9.120715350223549,521,108,1,0.2072936660268714,0.0019193857965451
225948,192,776,0.2474226804123711,94,111.0,5.7712305025996535,1501,420,0,0.2798134576948701,0.0
4343,13,91,0.1428571428571428,8,7.0,3.75,144,46,0,0.3194444444444444,0.0
4272,388,1236,0.313915857605178,93,238.0,8.216340621403914,2107,410,7,0.1945894636924537,0.0033222591362126
4366,46,228,0.2017543859649122,22,20.0,5.128205128205129,327,48,1,0.146788990825688,0.0030581039755351
443324,31,129,0.2403100775193798,21,16.0,4.848484848484849,287,75,0,0.2613240418118467,0.0
4780,133,504,0.2638888888888889,64,78.0,7.8,888,216,2,0.2432432432432432,0.0022522522522522
5677,80,328,0.2439024390243902,17,129.0,7.5536759921925825,737,238,0,0.3229308005427408,0.0
167118,32,108,0.2962962962962963,12,10.0,4.0,147,38,0,0.2585034013605442,0.0
3306,806,1777,0.4535734383792909,206,173.0,6.781358885017421,2528,338,3,0.1337025316455696,0.0011867088607594
4113,65,161,0.4037267080745341,12,39.0,9.335106382978722,250,63,1,0.252,0.004
230897,88,531,0.1657250470809793,29,77.0,5.202702702702703,1175,282,3,0.24,0.0025531914893617
278320,155,229,0.6768558951965066,7,26.0,1.849802371541502,500,71,0,0.142,0.0
6165,20,265,0.0754716981132075,7,33.0,1.8220858895705525,1027,387,1,0.37682570593963,0.0009737098344693
86623,17,70,0.2428571428571428,8,9.0,7.864077669902913,107,24,0,0.2242990654205607,0.0
5791,39,198,0.1969696969696969,12,25.0,3.725165562913907,440,138,3,0.3136363636363636,0.0068181818181818
341751,81,447,0.1812080536912751,20,85.0,6.9419237749546285,910,276,1,0.3032967032967033,0.001098901098901
20401,244,958,0.2546972860125261,123,90.0,6.240369799691833,1320,260,3,0.1969696969696969,0.0022727272727272
4375,102,624,0.1634615384615384,49,67.0,4.610091743119266,1224,262,4,0.2140522875816993,0.0032679738562091
4511,185,688,0.2688953488372093,94,133.0,8.562231759656653,1205,315,2,0.2614107883817427,0.0016597510373443
3785,106,158,0.6708860759493671,2,19.0,1.9,316,42,0,0.1329113924050632,0.0
3735,93,329,0.2826747720364742,33,64.0,7.346938775510205,625,157,0,0.2512,0.0
373713,20,125,0.16,11,21.0,7.842323651452283,205,42,0,0.2048780487804878,0.0
4180,145,414,0.3502415458937198,46,80.0,7.236180904522613,673,142,0,0.2109955423476968,0.0
3970,364,1049,0.3469971401334604,121,193.0,8.772727272727273,1737,367,1,0.2112838226827864,0.0005757052389176
6684,21,90,0.2333333333333333,7,3.0,1.267605633802817,190,72,0,0.3789473684210526,0.0
3398,107,144,0.7430555555555556,36,28.0,2.5454545454545454,408,61,0,0.1495098039215686,0.0
70121,16,91,0.1758241758241758,8,14.0,5.8604651162790695,171,52,0,0.3040935672514619,0.0
6914,7,128,0.0546875,6,20.0,2.848101265822785,470,155,0,0.3297872340425531,0.0
265864,55,243,0.2263374485596707,22,61.0,10.036563071297987,450,101,0,0.2244444444444444,0.0
14903,348,1404,0.2478632478632478,157,208.0,6.223404255319148,2490,541,3,0.2172690763052208,0.0012048192771084
20927,325,1334,0.2436281859070465,114,230.0,6.988521269412559,2651,649,4,0.2448132780082987,0.0015088645794039
25558,450,1569,0.2868068833652007,91,269.0,7.428659097882787,2477,389,4,0.1570448122729107,0.0016148566814695
25898,52,443,0.1173814898419864,19,65.0,3.796236210253082,1297,392,2,0.3022359290670778,0.0015420200462606
21234,62,514,0.1206225680933852,31,66.0,2.216417910447761,1743,581,0,0.3333333333333333,0.0
20422,44,318,0.1383647798742138,23,38.0,2.02846975088968,1024,371,1,0.3623046875,0.0009765625
20540,419,636,0.6588050314465409,31,50.0,1.5625,1331,200,0,0.1502629601803155,0.0
333913,39,383,0.1018276762402088,23,67.0,2.817757009345794,1165,418,1,0.3587982832618026,0.0008583690987124
354547,201,1059,0.1898016997167138,100,104.0,3.528081417263475,1873,542,3,0.2893753336892685,0.0016017084890549
21279,344,1002,0.343313373253493,78,148.0,7.478944413250983,1464,248,2,0.1693989071038251,0.0013661202185792
213948,213,958,0.2223382045929018,111,88.0,3.40938441670254,2027,559,1,0.2757770103601381,0.0004933399111988
101742,185,774,0.2390180878552971,77,132.0,6.336,1703,410,3,0.2407516147974163,0.0017615971814445
21314,74,434,0.1705069124423963,46,83.0,9.828947368421051,720,146,2,0.2027777777777777,0.0027777777777777
339791,57,401,0.14214463840399,28,65.0,5.635838150289017,991,267,1,0.2694248234106963,0.0010090817356205
50073,133,875,0.152,82,149.0,5.022471910112359,1795,478,1,0.2662952646239554,0.0005571030640668
208696,148,955,0.1549738219895288,61,78.0,2.4805653710247357,2194,667,1,0.3040109389243391,0.0004557885141294
22163,262,1104,0.2373188405797101,151,221.0,6.802325581395349,2134,566,1,0.2652296157450796,0.000468603561387
40538,129,498,0.2590361445783132,52,87.0,6.862401402278703,808,172,0,0.2128712871287128,0.0
403449,119,365,0.3260273972602739,39,73.0,7.227722772277228,738,189,3,0.2560975609756097,0.0040650406504065
3313,146,1476,0.0989159891598916,78,122.0,3.381582999692024,2398,591,2,0.2464553794829024,0.0008340283569641
122,133,973,0.1366906474820144,66,68.0,2.027833001988072,1863,544,0,0.2920021470746108,0.0
21350,229,1166,0.1963979416809605,106,198.0,6.811926605504588,2013,513,2,0.2548435171385991,0.0009935419771485
21001,398,2273,0.1750989881214254,176,227.0,6.520906479412703,3496,551,4,0.1576086956521739,0.0011441647597254
228928,146,961,0.1519250780437044,50,128.0,4.515876127009016,1851,398,3,0.215018908698001,0.0016207455429497
20820,203,1038,0.1955684007707129,87,59.0,2.652347652347653,2099,497,3,0.2367794187708432,0.0014292520247737
69513,40,298,0.1342281879194631,16,70.0,3.967254408060453,1178,388,0,0.3293718166383701,0.0
272878,73,488,0.1495901639344262,38,80.0,4.382227632379793,1257,420,3,0.3341288782816229,0.0023866348448687
190167,155,832,0.1862980769230769,54,103.0,6.159468438538206,1502,348,2,0.2316910785619174,0.0013315579227696
11156,97,699,0.1387696709585121,47,96.0,3.811204234671372,1539,474,4,0.3079922027290448,0.0025990903183885
49991,562,2056,0.2733463035019455,281,217.0,6.454064771976206,3133,561,7,0.1790616022981168,0.0022342802425789
49857,131,366,0.3579234972677595,32,147.0,10.433753943217663,773,208,1,0.2690815006468305,0.001293661060802
250956,72,400,0.18,28,56.0,4.428822495606327,964,299,0,0.3101659751037344,0.0
491409,15,116,0.1293103448275862,4,8.0,1.6143497757847534,312,95,0,0.3044871794871794,0.0
20459,831,1966,0.4226856561546286,261,211.0,6.0285714285714285,2727,468,5,0.1716171617161716,0.0018335166850018
37732,405,1548,0.2616279069767442,207,182.0,8.021547502448579,2256,354,2,0.1569148936170212,0.000886524822695
20448,364,1476,0.2466124661246612,177,191.0,6.911942098914355,2353,489,4,0.2078198045048873,0.0016999575010624
20449,147,733,0.2005457025920873,59,106.0,5.892526250772082,1409,323,3,0.2292405961674946,0.0021291696238466
70084,274,1447,0.1893572909467864,129,124.0,5.276595744680851,2467,455,2,0.1844345358735306,0.0008107012565869
20470,133,655,0.2030534351145038,76,40.0,4.411764705882353,849,133,0,0.1566548881036513,0.0
20663,68,513,0.1325536062378167,34,48.0,3.30781010719755,1070,272,1,0.2542056074766355,0.0009345794392523
345740,28,166,0.1686746987951807,7,26.0,6.12565445026178,325,89,0,0.2738461538461538,0.0
20776,325,966,0.3364389233954451,77,187.0,8.30700888450148,1524,345,1,0.2263779527559055,0.0006561679790026
20749,474,1536,0.30859375,219,209.0,6.37411047102677,2542,579,3,0.2277734067663257,0.0011801730920535
20460,228,676,0.3372781065088757,65,112.0,6.26865671641791,1148,272,3,0.2369337979094076,0.0026132404181184
116269,195,1065,0.1830985915492957,66,182.0,5.8312566749733,2302,615,4,0.2671589921807124,0.0017376194613379
21468,467,711,0.6568213783403657,43,43.0,1.162162162162162,1504,203,1,0.1349734042553191,0.0006648936170212
40806,119,609,0.1954022988505747,52,49.0,3.828125,1305,338,1,0.2590038314176245,0.0007662835249042
127534,97,568,0.1707746478873239,38,58.0,4.38655462184874,961,237,2,0.246618106139438,0.0020811654526534
8291,147,687,0.2139737991266375,59,127.0,9.90467937608319,1032,182,3,0.1763565891472868,0.002906976744186
50007,521,1533,0.339856490541422,94,270.0,9.0,2367,357,2,0.1508238276299112,0.0008449514152936
24838,251,1065,0.2356807511737089,100,160.0,6.645131518227965,2028,456,7,0.2248520710059171,0.0034516765285996
21322,33,278,0.118705035971223,10,58.0,5.0,687,170,1,0.24745269286754,0.0014556040756914
24269,44,294,0.1496598639455782,20,27.0,1.7209631728045327,841,293,3,0.3483947681331747,0.0035671819262782
21291,247,1282,0.1926677067082683,165,95.0,3.396901072705602,2293,637,6,0.2778020061055385,0.0026166593981683
21564,473,1635,0.2892966360856269,204,272.0,7.788736875596563,2576,553,2,0.2146739130434782,0.0007763975155279
21296,58,622,0.0932475884244373,31,55.0,2.3959341723136496,1640,458,1,0.2792682926829268,0.0006097560975609
222766,117,450,0.26,46,51.0,5.94559585492228,826,164,1,0.198547215496368,0.0012106537530266
44510,211,614,0.3436482084690553,32,140.0,10.465116279069766,982,181,1,0.1843177189409368,0.0010183299389002
21272,19,84,0.2261904761904762,16,12.0,7.883211678832117,134,25,0,0.1865671641791045,0.0
105376,31,312,0.0993589743589743,19,27.0,1.3358988455195162,959,290,0,0.3023983315954119,0.0
25437,339,1347,0.2516703786191537,181,133.0,5.02729945401092,2130,364,3,0.1708920187793427,0.0014084507042253
263432,408,1140,0.3578947368421052,85,238.0,7.340644276901987,1805,404,2,0.2238227146814404,0.0011080332409972
114,370,1392,0.2658045977011494,237,131.0,5.221434898139947,2134,424,0,0.1986879100281162,0.0
20935,286,1349,0.2120088954781319,106,148.0,4.200567644276253,2612,643,8,0.2461715160796324,0.003062787136294
214220,677,921,0.7350705754614549,24,99.0,2.675675675675676,1528,150,2,0.0981675392670157,0.0013089005235602
3463,622,1828,0.3402625820568928,176,276.0,8.533150120233598,2735,420,4,0.1535648994515539,0.0014625228519195
20418,143,946,0.1511627906976744,61,72.0,3.0125523012552304,1694,366,1,0.2160566706021251,0.0005903187721369
22566,398,1490,0.2671140939597315,169,197.0,7.437080536912752,2420,586,3,0.2421487603305785,0.0012396694214876
8327,131,704,0.1860795454545454,73,59.0,1.758860549850944,1878,561,6,0.2987220447284345,0.0031948881789137
328336,201,981,0.2048929663608562,70,201.0,6.949673453707261,2221,729,2,0.3282305267897343,0.0009004952723998
263433,244,842,0.2897862232779097,75,222.0,9.340813464235625,1727,452,2,0.2617255356108859,0.0011580775911986
328333,210,930,0.2258064516129032,118,120.0,5.882352941176471,1665,415,1,0.2492492492492492,0.0006006006006006
20403,49,225,0.2177777777777777,23,46.0,6.4485981308411215,433,107,1,0.2471131639722864,0.0023094688221709
20571,492,702,0.7008547008547008,3,42.0,1.105263157894737,1291,95,1,0.0735863671572424,0.0007745933384972
3431,562,1582,0.3552465233881163,92,248.0,8.181818181818182,2353,364,7,0.154696132596685,0.0029749256268593
116349,361,1537,0.2348731294729993,198,125.0,5.092802172928927,2294,419,4,0.1826503923278117,0.001743679163034
352993,29,231,0.1255411255411255,15,10.0,1.882845188284519,462,114,1,0.2467532467532467,0.0021645021645021
137048,66,188,0.351063829787234,10,48.0,7.826086956521738,370,100,0,0.2702702702702703,0.0
20816,197,1042,0.1890595009596929,105,139.0,6.208436724565757,1670,410,4,0.2455089820359281,0.0023952095808383
20479,83,599,0.1385642737896494,37,79.0,2.602489019033675,1467,493,0,0.3360599863667348,0.0
20689,150,942,0.1592356687898089,76,94.0,3.807380738073807,2091,621,3,0.296987087517934,0.0014347202295552
20523,23,157,0.1464968152866242,12,16.0,5.475285171102662,310,85,0,0.2741935483870967,0.0
22552,163,269,0.6059479553903345,17,18.0,1.2,586,89,0,0.151877133105802,0.0
21415,175,313,0.5591054313099042,22,41.0,3.28,645,126,1,0.1953488372093023,0.0015503875968992
21959,6,57,0.1052631578947368,2,14.0,4.329896907216495,188,65,1,0.3457446808510638,0.0053191489361702
3736,39,160,0.24375,14,34.0,9.53271028037383,333,85,2,0.2552552552552553,0.006006006006006
22883,230,781,0.29449423815621,80,131.0,8.494236311239193,1285,294,1,0.2287937743190661,0.0007782101167315
349102,66,323,0.2043343653250774,39,44.0,5.0381679389312986,631,145,2,0.2297939778129952,0.0031695721077654
134508,209,892,0.234304932735426,104,109.0,5.12807109252483,1431,305,2,0.2131376659678546,0.0013976240391334
9080,113,718,0.1573816155988858,55,59.0,3.2838589981447126,1351,347,1,0.2568467801628423,0.000740192450037
20748,321,1050,0.3057142857142857,94,235.0,8.671586715867159,1797,408,0,0.2270450751252087,0.0
278813,69,462,0.1493506493506493,29,84.0,5.376955903271693,871,205,1,0.235361653272101,0.0011481056257175
295176,165,744,0.2217741935483871,72,111.0,6.880165289256198,1281,282,2,0.2201405152224824,0.0015612802498048
264084,90,128,0.703125,2,6.0,0.8667736757624398,229,12,0,0.0524017467248908,0.0
105361,201,709,0.2834978843441467,81,114.0,8.162291169451073,1175,271,0,0.2306382978723404,0.0
283832,276,810,0.3407407407407407,113,149.0,7.106518282988872,1305,313,3,0.2398467432950191,0.0022988505747126
20874,14,101,0.1386138613861386,7,10.0,3.8135593220338975,194,59,0,0.3041237113402061,0.0
238832,18,73,0.2465753424657534,6,13.0,6.536312849162011,171,52,0,0.3040935672514619,0.0
368642,13,76,0.1710526315789473,6,12.0,4.0,207,65,0,0.3140096618357488,0.0
21098,281,422,0.6658767772511849,35,49.0,1.9513274336283184,1007,154,0,0.1529294935451837,0.0
288663,283,946,0.2991543340380549,46,235.0,9.791666666666666,1625,337,7,0.2073846153846154,0.0043076923076923
286225,10,70,0.1428571428571428,3,16.0,5.236363636363636,174,50,1,0.2873563218390804,0.0057471264367816
14904,135,647,0.2086553323029366,67,50.0,4.495504495504496,986,179,2,0.1815415821501014,0.0020283975659229
21578,175,534,0.3277153558052434,72,71.0,6.339285714285714,898,209,0,0.232739420935412,0.0
299557,41,222,0.1846846846846846,14,35.0,4.424157303370786,408,94,0,0.230392156862745,0.0
20690,35,204,0.1715686274509804,22,11.0,2.6121372031662267,300,50,0,0.1666666666666666,0.0
21162,201,510,0.3941176470588235,65,130.0,8.125,864,213,0,0.2465277777777778,0.0
134484,44,309,0.1423948220064725,15,29.0,3.2262051915945613,633,184,0,0.2906793048973143,0.0
22158,76,287,0.2648083623693379,36,54.0,8.307692307692308,487,116,1,0.2381930184804928,0.002053388090349
20476,17,139,0.1223021582733813,6,9.0,1.0857908847184985,409,131,0,0.3202933985330073,0.0
16843,541,1444,0.3746537396121883,196,263.0,8.483870967741936,2283,445,1,0.1949189662724485,0.0004380201489268
16025,201,1193,0.1684828164291701,98,35.0,1.282051282051282,2031,536,3,0.2639094042343673,0.001477104874446
15317,98,660,0.1484848484848485,41,74.0,4.128952262864228,1384,394,2,0.2846820809248555,0.0014450867052023
223516,148,429,0.3449883449883449,45,75.0,7.112750263435195,752,190,2,0.2526595744680851,0.0026595744680851
14778,633,1732,0.365473441108545,195,177.0,7.893954410307235,2360,323,2,0.136864406779661,0.0008474576271186
255387,337,910,0.3703296703296703,74,153.0,8.568761667703797,1396,283,4,0.2027220630372493,0.0028653295128939
15139,165,698,0.2363896848137535,70,100.0,4.754358161648177,1345,393,1,0.2921933085501859,0.0007434944237918
19392,41,279,0.1469534050179211,16,32.0,2.3821339950372207,687,206,0,0.2998544395924308,0.0
15024,61,342,0.1783625730994152,31,44.0,4.230769230769231,688,176,1,0.2558139534883721,0.001453488372093
15937,502,1957,0.2565150740929995,272,182.0,7.149716281099956,2835,555,2,0.1957671957671957,0.000705467372134
15032,586,853,0.6869871043376319,90,64.0,1.8823529411764703,1591,226,1,0.142049025769956,0.0006285355122564
173214,60,642,0.0934579439252336,18,53.0,1.908,1483,446,2,0.3007417397167903,0.0013486176668914
56274,53,466,0.1137339055793991,24,59.0,3.198795180722892,1440,478,0,0.3319444444444444,0.0
14838,334,1419,0.2353770260747004,175,171.0,7.125,2201,379,2,0.1721944570649704,0.0009086778736937
25622,158,1176,0.1343537414965986,63,137.0,4.188179347826087,2533,673,2,0.2656928543229372,0.0007895775759968
40657,279,1163,0.2398968185726569,129,165.0,6.837016574585635,2031,394,1,0.1939931068439192,0.000492368291482
360992,199,955,0.2083769633507853,94,175.0,6.82704811443433,1771,341,3,0.1925465838509316,0.0016939582156973
14803,522,1473,0.3543788187372709,116,224.0,8.582375478927203,2255,348,2,0.1543237250554323,0.0008869179600886
388267,130,908,0.1431718061674008,60,84.0,3.4054054054054053,1888,496,2,0.2627118644067797,0.0010593220338983
146583,166,1178,0.1409168081494057,60,73.0,2.8185328185328187,2008,468,0,0.2330677290836653,0.0
14795,805,1929,0.4173146708138932,210,210.0,8.540442837776773,2623,369,1,0.1406786122760198,0.0003812428516965
14736,483,731,0.6607387140902873,8,36.0,1.2413793103448276,1089,145,0,0.133149678604224,0.0
14726,117,767,0.1525423728813559,61,31.0,2.3057851239669422,1277,228,0,0.1785434612372748,0.0
14716,526,1385,0.379783393501805,180,113.0,6.186131386861314,1749,262,1,0.1497998856489422,0.0005717552887364
14724,220,1161,0.1894918173987941,103,79.0,4.584139264990329,1721,268,2,0.1557234166182452,0.0011621150493898
20475,257,1109,0.2317403065825067,132,149.0,9.191226867717614,1720,287,4,0.166860465116279,0.0023255813953488
3345,321,1244,0.2580385852090032,185,81.0,5.869565217391304,1720,223,0,0.1296511627906977,0.0
25861,353,1311,0.2692601067887109,174,226.0,8.446843853820598,2052,385,3,0.1876218323586744,0.0014619883040935
367621,148,770,0.1922077922077922,84,104.0,5.872020075282308,1371,328,0,0.2392414296134208,0.0
15942,76,449,0.1692650334075723,46,84.0,6.494845360824742,989,266,2,0.268958543983822,0.0020222446916076
15129,162,869,0.1864211737629459,82,59.0,2.3620996441281137,1636,450,0,0.2750611246943765,0.0
263614,163,809,0.2014833127317676,84,80.0,4.128440366972478,1530,376,2,0.2457516339869281,0.0013071895424836
18670,107,396,0.2702020202020202,45,103.0,8.053866203301476,822,193,0,0.2347931873479318,0.0
19525,572,899,0.6362625139043382,95,48.0,1.4860681114551084,1566,193,1,0.1232439335887611,0.0006385696040868
15125,324,1285,0.2521400778210116,141,164.0,4.96969696969697,2428,547,2,0.2252883031301482,0.000823723228995
49982,62,310,0.2,25,80.0,8.450704225352112,626,158,1,0.2523961661341853,0.0015974440894568
271990,28,202,0.1386138613861386,19,34.0,3.651551312649164,601,203,2,0.3377703826955074,0.0033277870216306
82518,207,949,0.2181243414120126,97,107.0,5.87912087912088,1515,380,2,0.2508250825082508,0.0013201320132013
134399,42,355,0.1183098591549295,16,44.0,2.099681866383881,1207,438,0,0.3628831814415907,0.0
14760,70,522,0.1340996168582375,36,78.0,3.716251985177343,1216,409,2,0.3363486842105263,0.0016447368421052
14988,183,666,0.2747747747747748,90,151.0,8.041420118343195,1227,356,1,0.2901385493072534,0.0008149959250203
15256,282,1102,0.2558983666061706,136,192.0,7.413127413127413,2011,474,5,0.2357036300348085,0.0024863252113376
20932,397,1097,0.3618960802187785,88,157.0,7.061469265367316,1639,278,0,0.1696156192800488,0.0
66654,7,63,0.1111111111111111,6,19.0,6.812749003984064,236,74,0,0.3135593220338983,0.0
235450,362,1047,0.3457497612225406,107,192.0,7.152317880794702,1995,467,2,0.2340852130325814,0.0010025062656641
16303,265,1144,0.2316433566433566,127,181.0,6.920135938827528,2129,536,2,0.2517613903240958,0.0009394081728511
51013,34,259,0.1312741312741312,22,38.0,2.4307036247334755,841,308,0,0.3662306777645659,0.0
471348,98,474,0.2067510548523206,38,97.0,7.262895174708818,931,291,2,0.3125671321160043,0.0021482277121374
14689,470,1553,0.3026400515132003,78,279.0,8.205882352941176,2435,408,2,0.1675564681724846,0.0008213552361396
235606,391,1184,0.3302364864864865,96,220.0,8.372093023255813,1993,400,1,0.2007024586051179,0.0005017561465127
15201,4,40,0.1,2,8.0,3.6,134,58,0,0.4328358208955223,0.0
135810,5,60,0.0833333333333333,2,6.0,2.0930232558139537,168,67,0,0.3988095238095238,0.0
83836,96,376,0.2553191489361702,56,41.0,3.847758081334724,865,243,1,0.2809248554913295,0.0011560693641618
105378,49,445,0.1101123595505618,21,34.0,1.951530612244898,1051,305,0,0.2901998097050428,0.0
94764,25,291,0.0859106529209622,14,38.0,1.796218487394958,999,333,0,0.3333333333333333,0.0
65027,274,860,0.3186046511627907,119,123.0,8.399089529590288,1322,278,3,0.2102874432677761,0.002269288956127
15772,285,959,0.29718456725756,102,169.0,6.388072238555229,1883,523,6,0.2777482740308019,0.0031864046733935
343685,202,832,0.2427884615384615,86,187.0,10.433973961562309,1737,458,3,0.2636729994242948,0.001727115716753
14938,303,1242,0.2439613526570048,139,150.0,5.329648637978681,2171,502,5,0.231229847996315,0.0023030861354214
286823,1,1,1.0,0,0.0,0.0,6,2,0,0.3333333333333333,0.0
112253,30,173,0.1734104046242774,17,6.0,1.2918660287081338,351,93,0,0.2649572649572649,0.0
86517,126,691,0.1823444283646888,62,84.0,4.570737605804111,1375,410,2,0.2981818181818181,0.0014545454545454
15952,68,283,0.2402826855123674,20,52.0,8.524590163934427,473,101,1,0.2135306553911205,0.0021141649048625
49997,149,719,0.2072322670375521,47,111.0,6.9375,1281,267,1,0.2084309133489461,0.0007806401249024
15449,221,658,0.3358662613981762,46,143.0,8.70182555780933,1116,258,3,0.2311827956989247,0.0026881720430107
221172,236,592,0.3986486486486486,75,165.0,11.538461538461538,1076,248,1,0.2304832713754646,0.0009293680297397
15107,136,764,0.1780104712041884,72,61.0,2.638154733301297,1480,339,2,0.229054054054054,0.0013513513513513
14816,146,711,0.2053445850914205,96,37.0,2.855917667238422,1092,207,1,0.1895604395604395,0.0009157509157509
4509,119,449,0.2650334075723831,58,47.0,5.493506493506493,691,132,0,0.191027496382055,0.0
35477,3,13,0.2307692307692307,1,4.0,3.302752293577982,53,14,0,0.2641509433962264,0.0
15090,65,93,0.6989247311827957,0,8.0,2.6666666666666665,161,23,0,0.1428571428571428,0.0
91,6,52,0.1153846153846153,5,8.0,3.977900552486188,139,41,0,0.2949640287769784,0.0
3320,287,1013,0.2833168805528134,173,99.0,7.279411764705882,1438,267,1,0.1856745479833101,0.0006954102920723
345707,55,395,0.1392405063291139,23,36.0,3.24,825,201,0,0.2436363636363636,0.0
14864,112,524,0.2137404580152671,45,55.0,4.138795986622073,1014,267,0,0.2633136094674556,0.0
337682,268,859,0.3119906868451688,43,140.0,8.066581306017927,1344,247,6,0.1837797619047619,0.0044642857142857
110,151,576,0.2621527777777778,58,140.0,7.553956834532373,1461,360,0,0.2464065708418891,0.0
286382,33,94,0.351063829787234,15,18.0,5.890909090909092,220,73,0,0.3318181818181818,0.0
25764,127,522,0.2432950191570881,55,134.0,7.934210526315789,982,237,0,0.2413441955193482,0.0
28230,233,1255,0.1856573705179283,110,143.0,7.651605231866824,1854,261,7,0.1407766990291262,0.0037756202804746
25410,154,998,0.1543086172344689,78,58.0,1.7165406116409074,1996,524,2,0.2625250501002004,0.001002004008016
404213,523,696,0.7514367816091954,90,88.0,2.3157894736842106,1531,193,1,0.1260613977792292,0.000653167864141
286388,14,85,0.1647058823529411,9,19.0,10.822784810126585,163,43,0,0.263803680981595,0.0
300485,252,1327,0.1899020346646571,121,61.0,1.91958041958042,2696,611,3,0.2266320474777448,0.0011127596439169
25923,93,690,0.1347826086956521,42,105.0,4.230080572963295,1793,550,3,0.3067484662576687,0.0016731734523145
394006,59,438,0.1347031963470319,32,53.0,2.852870813397129,1068,297,1,0.2780898876404494,0.0009363295880149
27955,15,205,0.073170731707317,8,17.0,1.6037735849056605,644,240,2,0.3726708074534161,0.0031055900621118
301635,241,354,0.6807909604519774,18,27.0,1.4361702127659577,735,107,1,0.145578231292517,0.001360544217687
26498,381,1365,0.2791208791208791,155,209.0,6.875,2696,588,1,0.2181008902077151,0.0003709198813056
334552,70,643,0.1088646967340591,33,86.0,3.8241106719367592,1550,393,2,0.2535483870967742,0.0012903225806451
356237,323,1536,0.2102864583333333,142,133.0,6.774193548387097,2294,344,5,0.1499564080209241,0.0021795989537925
20394,672,1618,0.415327564894932,117,154.0,6.553191489361702,2113,196,1,0.0927591102697586,0.0004732607666824
134496,504,721,0.6990291262135923,12,59.0,1.7352941176470589,1385,148,2,0.1068592057761732,0.0014440433212996
286553,71,550,0.1290909090909091,39,49.0,2.6808510638297878,1190,335,3,0.2815126050420168,0.0025210084033613
25743,235,1094,0.2148080438756855,70,146.0,7.365470852017937,2049,360,3,0.1756954612005856,0.0014641288433382
290119,492,1311,0.3752860411899313,133,270.0,7.828608247422681,2234,477,1,0.2135183527305282,0.0004476275738585
25770,302,1656,0.1823671497584541,164,105.0,3.1871838111298483,3050,790,2,0.2590163934426229,0.000655737704918
37796,48,267,0.1797752808988764,18,17.0,2.157968970380818,492,151,0,0.306910569105691,0.0
14722,537,1866,0.2877813504823151,217,206.0,6.084673449294388,2816,442,3,0.1569602272727272,0.0010653409090909
26508,478,1854,0.2578209277238403,258,300.0,8.181818181818182,3248,813,2,0.250307881773399,0.000615763546798
26138,220,740,0.2972972972972973,73,166.0,7.23136495643756,1553,397,2,0.2556342562781712,0.0012878300064391
25809,40,518,0.0772200772200772,16,33.0,1.472483886960833,1432,531,0,0.3708100558659218,0.0
25919,117,457,0.2560175054704595,61,83.0,6.346644010195412,890,214,3,0.2404494382022471,0.0033707865168539
4786,254,926,0.2742980561555075,101,112.0,5.161290322580645,1710,381,0,0.2228070175438596,0.0
26196,367,1381,0.2657494569152788,147,159.0,6.634214186369959,2326,423,3,0.1818572656921754,0.0012897678417884
263802,207,784,0.2640306122448979,99,118.0,6.785942492012779,1374,337,1,0.2452692867540029,0.0007278020378457
149101,126,493,0.255578093306288,56,100.0,7.281553398058253,1048,284,1,0.2709923664122137,0.0009541984732824
86338,93,585,0.1589743589743589,45,160.0,7.069219440353461,1707,472,1,0.2765084944346807,0.0005858230814294
135747,333,480,0.69375,35,52.0,1.5912954777286636,1106,145,1,0.1311030741410488,0.0009041591320072
28123,23,188,0.1223404255319148,14,13.0,1.3463751438434983,516,166,0,0.3217054263565891,0.0
28115,245,1083,0.2262234533702677,120,60.0,2.17566478646253,2393,521,2,0.2177183451734224,0.0008357709987463
294695,386,1558,0.2477535301668806,196,173.0,5.9884615384615385,2575,396,6,0.1537864077669903,0.0023300970873786
228946,61,484,0.1260330578512396,24,62.0,4.428571428571429,1044,276,0,0.264367816091954,0.0
25557,782,1855,0.4215633423180593,150,214.0,6.60720411663808,2504,344,3,0.1373801916932907,0.0011980830670926
276979,251,1302,0.1927803379416282,124,144.0,6.10456900612341,2262,379,4,0.167550839964633,0.0017683465959328
295569,242,869,0.2784810126582278,87,140.0,8.372093023255815,1312,245,2,0.1867378048780487,0.0015243902439024
397046,370,1495,0.2474916387959866,220,152.0,5.611156685808039,2421,458,2,0.1891780256092523,0.0008261049153242
118,174,1116,0.1559139784946236,93,62.0,2.1788363920343614,2302,585,4,0.2541268462206776,0.0017376194613379
142755,139,1003,0.1385842472582253,62,116.0,4.552987352812909,1853,420,4,0.2266594711279007,0.0021586616297895
471771,12,70,0.1714285714285714,5,10.0,5.660377358490567,157,42,1,0.267515923566879,0.0063694267515923
28122,283,1273,0.2223095051060487,172,126.0,4.921875,2288,508,2,0.222027972027972,0.0008741258741258
26120,557,1875,0.2970666666666666,269,223.0,6.630327056491576,2988,826,2,0.2764390896921017,0.000669344042838
214710,308,1049,0.2936129647283126,87,265.0,8.582223821518532,2210,540,1,0.2443438914027149,0.0004524886877828
27646,164,744,0.2204301075268817,85,118.0,5.616076150185087,1514,395,2,0.2608982826948481,0.0013210039630118
69525,309,841,0.3674197384066587,53,141.0,6.454730417090539,1282,260,0,0.2028081123244929,0.0
26869,169,273,0.6190476190476191,11,40.0,2.177858439201452,650,100,0,0.1538461538461538,0.0
26583,417,635,0.6566929133858268,71,79.0,2.135135135135135,1547,250,0,0.1616031027795733,0.0
25433,98,261,0.3754789272030651,32,21.0,4.871134020618557,381,76,2,0.1994750656167979,0.0052493438320209
28528,238,1031,0.2308438409311348,94,158.0,5.878462174452253,1940,388,3,0.2,0.0015463917525773
209028,231,1270,0.1818897637795275,112,151.0,5.249130938586327,2190,585,3,0.2671232876712329,0.0013698630136986
25523,254,803,0.3163138231631382,66,203.0,7.55895738518825,1647,386,0,0.2343655130540376,0.0
26399,431,1274,0.3383045525902668,137,256.0,8.118393234672304,2129,422,1,0.1982151244715829,0.0004697040864255
25532,187,755,0.247682119205298,78,87.0,4.990439770554493,1383,345,0,0.2494577006507592,0.0
229427,449,1207,0.371996685998343,110,243.0,8.678571428571429,2061,453,5,0.2197962154294032,0.002426006792819
15004,62,587,0.1056218057921635,31,66.0,2.1389989196975154,1846,680,1,0.3683640303358613,0.0005417118093174
85438,12,160,0.075,2,29.0,2.5,506,174,0,0.3438735177865613,0.0
25864,523,1440,0.3631944444444444,110,217.0,7.91970802919708,2050,321,3,0.1565853658536585,0.0014634146341463
26216,48,75,0.64,3,7.0,1.598984771573604,211,32,1,0.1516587677725118,0.0047393364928909
249926,53,266,0.1992481203007518,23,30.0,4.492512479201331,418,107,1,0.2559808612440191,0.0023923444976076
93044,128,648,0.1975308641975308,62,59.0,3.108899297423888,1228,331,1,0.2695439739413681,0.000814332247557
25829,447,1673,0.2671846981470412,213,163.0,4.787859007832898,2697,610,6,0.2261772339636633,0.0022246941045606
3308,450,1305,0.3448275862068966,96,240.0,7.563025210084033,2162,464,3,0.2146160962072155,0.0013876040703052
231138,621,1747,0.3554665140240412,116,162.0,5.893290218270009,2405,220,1,0.0914760914760914,0.0004158004158004
14862,227,1307,0.1736801836266258,119,71.0,3.745603751465416,1798,213,4,0.1184649610678531,0.0022246941045606
276983,76,562,0.1352313167259786,38,30.0,1.291248206599713,1172,335,0,0.2858361774744027,0.0
25786,448,1210,0.3702479338842975,126,212.0,7.246486897075579,1886,393,3,0.2083775185577942,0.0015906680805938
244335,59,370,0.1594594594594594,27,27.0,2.761363636363636,681,167,1,0.2452276064610866,0.0014684287812041
120717,239,1165,0.2051502145922746,75,192.0,6.702870442203258,2187,543,3,0.2482853223593964,0.0013717421124828
26100,166,769,0.2158647594278283,84,91.0,3.562418442801218,1916,539,5,0.2813152400835073,0.0026096033402922
334720,308,1188,0.2592592592592592,112,257.0,9.876174210076858,2161,541,3,0.2503470615455807,0.0013882461823229
301013,450,1228,0.3664495114006514,162,166.0,6.723672367236723,1728,370,0,0.2141203703703703,0.0
82690,335,515,0.6504854368932039,53,67.0,1.9705882352941175,1199,186,1,0.1551292743953294,0.0008340283569641
27354,29,370,0.0783783783783783,23,49.0,2.144941634241245,1265,440,0,0.3478260869565217,0.0
86486,207,829,0.2496984318455971,77,107.0,5.829297820823245,1332,274,3,0.2057057057057057,0.0022522522522522
276978,22,192,0.1145833333333333,10,35.0,3.705882352941176,514,157,1,0.3054474708171206,0.0019455252918287
28055,11,13,0.8461538461538461,1,0.0,0.0,25,4,0,0.16,0.0
276211,112,891,0.1257014590347923,28,58.0,2.273519163763066,1837,426,1,0.2318998366902558,0.0005443658138268
54819,7,60,0.1166666666666666,5,10.0,2.137767220902613,193,62,0,0.3212435233160621,0.0
30320,191,821,0.2326431181485992,59,231.0,9.45859872611465,1868,542,0,0.2901498929336188,0.0
144884,480,1102,0.4355716878402904,131,226.0,7.802071346375144,1842,390,6,0.2117263843648208,0.003257328990228
26539,66,319,0.2068965517241379,29,54.0,4.362657091561939,659,169,0,0.2564491654021244,0.0
256992,113,633,0.1785150078988941,49,80.0,4.715127701375246,1252,362,1,0.2891373801916932,0.0007987220447284
29748,139,652,0.2131901840490797,60,126.0,7.0,1391,352,1,0.2530553558590941,0.0007189072609633
276920,106,534,0.198501872659176,53,39.0,4.048442906574395,849,193,1,0.2273262661955241,0.0011778563015312
26374,156,422,0.3696682464454976,35,88.0,8.94915254237288,668,121,0,0.1811377245508982,0.0
373817,10,63,0.1587301587301587,4,11.0,5.294117647058823,117,29,0,0.2478632478632478,0.0
26000,183,881,0.2077185017026106,88,138.0,6.42192347466391,1684,422,2,0.2505938242280285,0.001187648456057
25789,60,160,0.375,23,34.0,6.244897959183673,332,71,1,0.2138554216867469,0.003012048192771
275032,28,314,0.0891719745222929,18,30.0,1.532349602724177,1046,362,1,0.3460803059273422,0.0009560229445506
215281,184,615,0.2991869918699187,68,155.0,8.680771624144368,1500,451,2,0.3006666666666667,0.0013333333333333
131321,20,146,0.136986301369863,7,40.0,4.260355029585798,473,150,1,0.3171247357293869,0.0021141649048625
25423,140,310,0.4516129032258064,39,46.0,5.798319327731092,465,89,1,0.1913978494623656,0.0021505376344086
26970,8,12,0.6666666666666666,0,1.0,1.0,38,5,0,0.131578947368421,0.0
28314,450,1211,0.3715937241948802,133,261.0,7.882550335570469,1981,436,3,0.2200908632004038,0.0015143866733972
237267,35,143,0.2447552447552447,15,22.0,5.5,270,66,0,0.2444444444444444,0.0
28364,36,198,0.1818181818181818,15,47.0,9.50561797752809,395,107,0,0.2708860759493671,0.0
26633,298,1396,0.2134670487106017,100,202.0,7.524834437086093,2422,421,3,0.1738232865400495,0.0012386457473162
217878,14,151,0.0927152317880794,5,20.0,1.9271948608137044,440,159,0,0.3613636363636364,0.0
285457,81,330,0.2454545454545454,43,60.0,7.681365576102419,672,187,2,0.2782738095238095,0.0029761904761904
132,102,426,0.2394366197183098,54,124.0,8.545176110260337,942,249,1,0.2643312101910828,0.0010615711252653
258263,212,712,0.297752808988764,48,108.0,6.75,1054,158,1,0.1499051233396584,0.0009487666034155
396628,26,126,0.2063492063492063,14,24.0,6.9230769230769225,235,68,0,0.2893617021276595,0.0
234138,33,217,0.152073732718894,17,30.0,2.9768467475192946,589,181,1,0.3073005093378608,0.0016977928692699
26085,46,129,0.3565891472868217,13,22.0,6.149068322981366,207,52,0,0.251207729468599,0.0
497355,1,10,0.1,0,1.0,2.903225806451613,19,7,0,0.3684210526315789,0.0
138577,120,429,0.2797202797202797,48,68.0,7.183098591549296,670,146,1,0.217910447761194,0.0014925373134328
493412,9,54,0.1666666666666666,2,9.0,5.785714285714286,121,32,1,0.2644628099173554,0.0082644628099173
339964,180,531,0.3389830508474576,20,97.0,7.8861788617886175,770,145,1,0.1883116883116883,0.0012987012987012
9179,0,17,0.0,0,2.0,3.91304347826087,54,18,0,0.3333333333333333,0.0
532949,0,1,0.0,0,0.0,,1,0,0,0.0,0.0
8290,61,339,0.1799410029498525,37,37.0,3.3200398803589235,709,217,1,0.306064880112835,0.001410437235543
25662,61,89,0.6853932584269663,1,7.0,1.6578947368421053,175,15,0,0.0857142857142857,0.0
351808,1,7,0.1428571428571428,1,0.0,0.0,9,2,0,0.2222222222222222,0.0
104851,128,195,0.6564102564102564,21,22.0,1.8333333333333333,428,44,0,0.102803738317757,0.0
93084,25,32,0.78125,4,6.0,3.0,79,18,0,0.2278481012658227,0.0
32636,19,227,0.0837004405286343,13,32.0,2.906155398587285,672,260,0,0.3869047619047619,0.0
86325,13,52,0.25,8,11.0,8.319327731092438,98,27,0,0.2755102040816326,0.0
9194,30,242,0.1239669421487603,11,38.0,3.986013986013986,631,214,0,0.3391442155309033,0.0
353241,0,4,0.0,0,2.0,12.857142857142858,8,1,0,0.125,0.0
413002,32,100,0.32,7,19.0,6.333333333333333,149,26,1,0.174496644295302,0.0067114093959731
3551,49,68,0.7205882352941176,1,4.0,1.3333333333333333,119,15,0,0.1260504201680672,0.0
386197,22,143,0.1538461538461538,10,10.0,3.3582089552238803,242,58,0,0.2396694214876033,0.0
171283,153,577,0.2651646447140381,38,89.0,9.217491369390103,902,182,1,0.2017738359201774,0.0011086474501108
397098,13,80,0.1625,6,12.0,7.297297297297297,134,22,0,0.1641791044776119,0.0
424624,138,604,0.2284768211920529,71,78.0,5.7730263157894735,1045,199,3,0.1904306220095693,0.0028708133971291
286390,68,463,0.1468682505399568,40,29.0,2.800429184549356,898,200,3,0.22271714922049,0.0033407572383073
364850,106,559,0.1896243291592128,36,96.0,7.260504201680673,996,205,0,0.2058232931726907,0.0
4319,52,78,0.6666666666666666,2,2.0,0.5825242718446603,135,18,0,0.1333333333333333,0.0
336371,14,100,0.14,3,16.0,7.5,166,35,0,0.2108433734939759,0.0
70140,76,229,0.3318777292576419,16,47.0,9.215686274509803,373,74,0,0.1983914209115281,0.0
4358,217,513,0.4230019493177387,80,145.0,8.529411764705882,864,202,1,0.2337962962962963,0.0011574074074074
20406,23,138,0.1666666666666666,14,23.0,4.050880626223091,258,75,0,0.2906976744186046,0.0
7857,238,670,0.3552238805970149,57,170.0,8.595505617977528,1251,365,1,0.2917665867306155,0.0007993605115907
545811,1,7,0.1428571428571428,1,0.0,0.0,18,2,0,0.1111111111111111,0.0
3994,182,246,0.7398373983739838,7,18.0,2.117647058823529,408,45,0,0.1102941176470588,0.0
3681,8,49,0.1632653061224489,2,3.0,1.2053571428571428,118,37,0,0.3135593220338983,0.0
215265,61,86,0.7093023255813954,2,6.0,1.2,176,15,0,0.0852272727272727,0.0
5147,16,103,0.1553398058252427,10,10.0,1.939655172413793,347,111,0,0.3198847262247838,0.0
3519,96,133,0.7218045112781954,5,16.0,1.6861826697892273,331,41,0,0.1238670694864048,0.0
4789,16,88,0.1818181818181818,3,14.0,6.631578947368421,146,38,0,0.2602739726027397,0.0
279566,6,21,0.2857142857142857,3,2.0,3.5294117647058822,38,7,0,0.1842105263157894,0.0
5653,102,342,0.2982456140350877,27,103.0,9.106090373280942,636,155,3,0.2437106918238993,0.0047169811320754
3372,29,80,0.3625,1,20.0,9.836065573770492,134,21,0,0.1567164179104477,0.0
298385,37,155,0.2387096774193548,12,11.0,4.090909090909091,237,45,0,0.189873417721519,0.0
3425,97,422,0.2298578199052132,61,21.0,2.4355670103092786,721,140,1,0.1941747572815534,0.001386962552011
101649,67,209,0.3205741626794258,24,38.0,8.423645320197044,355,69,1,0.1943661971830985,0.0028169014084507
135113,1,7,0.1428571428571428,0,1.0,7.5,16,7,0,0.4375,0.0
21872,122,346,0.3526011560693641,27,64.0,8.91640866873065,544,93,1,0.1709558823529411,0.0018382352941176
239288,75,103,0.7281553398058253,4,6.0,1.0,196,30,0,0.1530612244897959,0.0
246063,114,476,0.2394957983193277,78,86.0,7.471042471042471,869,200,3,0.2301495972382048,0.003452243958573
116225,53,237,0.2236286919831223,14,30.0,6.601466992665037,396,80,0,0.202020202020202,0.0
25849,195,812,0.2401477832512315,96,52.0,4.741641337386018,1191,166,1,0.1393786733837111,0.0008396305625524
262384,5,29,0.1724137931034483,2,2.0,2.608695652173913,63,7,0,0.1111111111111111,0.0
269189,8,67,0.1194029850746268,4,5.0,1.9148936170212765,166,61,0,0.3674698795180723,0.0
18581,46,155,0.2967741935483871,14,30.0,8.385093167701863,268,57,1,0.2126865671641791,0.003731343283582
65880,7,16,0.4375,1,4.0,11.612903225806452,28,9,1,0.3214285714285714,0.0357142857142857
282799,138,462,0.2987012987012987,27,75.0,8.91677675033025,734,144,3,0.1961852861035422,0.0040871934604904
448127,6,28,0.2142857142857142,5,2.0,1.894736842105263,65,17,0,0.2615384615384615,0.0
356928,21,136,0.1544117647058823,9,10.0,2.301790281329924,274,81,1,0.2956204379562044,0.0036496350364963
254649,32,168,0.1904761904761904,13,21.0,2.62865090403338,461,145,0,0.3145336225596529,0.0
373636,11,66,0.1666666666666666,5,12.0,5.046728971962617,142,53,1,0.3732394366197183,0.0070422535211267
15800,22,58,0.3793103448275862,8,7.0,7.0,83,11,0,0.1325301204819277,0.0
471968,1,5,0.2,0,0.0,0.0,7,2,0,0.2857142857142857,0.0
15804,14,110,0.1272727272727272,4,24.0,5.13064133016627,246,91,0,0.3699186991869919,0.0
8537,0,5,0.0,0,3.0,15.882352941176473,15,7,0,0.4666666666666667,0.0
299154,31,133,0.2330827067669172,14,35.0,7.291666666666667,279,66,0,0.2365591397849462,0.0
404216,74,266,0.2781954887218045,12,43.0,8.505494505494505,427,82,0,0.1920374707259953,0.0
347205,2,31,0.064516129032258,1,3.0,1.5976331360946745,100,34,0,0.34,0.0
437636,30,184,0.1630434782608695,15,37.0,6.271186440677965,421,129,0,0.3064133016627078,0.0
26055,49,213,0.2300469483568075,24,51.0,7.463414634146342,431,141,2,0.3271461716937355,0.0046403712296983
26971,34,50,0.68,1,6.0,1.5,122,18,0,0.1475409836065573,0.0
26033,42,165,0.2545454545454545,22,10.0,3.249097472924188,261,56,0,0.21455938697318,0.0
437011,2,24,0.0833333333333333,0,1.0,1.7307692307692308,45,12,0,0.2666666666666666,0.0
413597,26,127,0.2047244094488189,10,14.0,6.428571428571429,201,32,1,0.1592039800995024,0.0049751243781094
37734,1,12,0.0833333333333333,2,2.0,12.0,17,2,0,0.1176470588235294,0.0
229110,109,138,0.7898550724637681,12,18.0,2.0,327,39,0,0.1192660550458715,0.0
330395,4,42,0.0952380952380952,1,5.0,5.555555555555555,69,18,0,0.2608695652173913,0.0
342088,0,5,0.0,0,0.0,0.0,7,1,0,0.1428571428571428,0.0
217078,61,234,0.2606837606837607,24,42.0,7.485148514851486,433,97,0,0.2240184757505773,0.0
291528,3,7,0.4285714285714285,2,0.0,0.0,13,3,0,0.2307692307692307,0.0
516397,7,42,0.1666666666666666,0,9.0,7.7142857142857135,64,11,0,0.171875,0.0
472489,0,4,0.0,1,1.0,10.0,10,1,0,0.1,0.0
568583,1,3,0.3333333333333333,0,1.0,11.25,6,0,0,0.0,0.0
786,19,75,0.2533333333333333,7,4.0,4.337349397590361,101,16,0,0.1584158415841584,0.0
406460,1,22,0.0454545454545454,2,15.0,15.0,67,29,0,0.4328358208955223,0.0
551398,5,10,0.5,2,4.0,5.714285714285714,31,15,0,0.4838709677419355,0.0
404285,2,17,0.1176470588235294,0,3.0,4.426229508196721,46,18,0,0.391304347826087,0.0
485794,3,10,0.3,0,3.0,12.272727272727272,16,5,0,0.3125,0.0
352748,2,12,0.1666666666666666,3,1.0,4.5,18,3,0,0.1666666666666666,0.0
221047,68,179,0.3798882681564245,19,36.0,7.751196172248803,343,67,1,0.19533527696793,0.0029154518950437
22053,1,2,0.5,0,0.0,0.0,5,1,0,0.2,0.0
564512,1,16,0.0625,0,0.0,0.0,31,6,0,0.1935483870967742,0.0
21373,85,276,0.3079710144927536,22,64.0,10.341113105924595,453,100,2,0.2207505518763796,0.0044150110375275
354470,1,11,0.0909090909090909,3,1.0,18.0,12,0,0,0.0,0.0
289827,40,166,0.2409638554216867,12,41.0,9.044117647058824,320,69,1,0.215625,0.003125
21636,7,11,0.6363636363636364,0,1.0,1.0,29,4,0,0.1379310344827586,0.0
335634,5,42,0.119047619047619,4,7.0,3.2142857142857144,152,55,0,0.3618421052631579,0.0
339192,5,27,0.1851851851851851,1,9.0,8.4375,56,15,0,0.2678571428571428,0.0
373350,1,16,0.0625,0,5.0,6.716417910447761,49,15,0,0.3061224489795918,0.0
329202,5,19,0.2631578947368421,1,4.0,4.0,52,11,0,0.2115384615384615,0.0
49873,3,14,0.2142857142857142,2,4.0,7.346938775510205,51,16,0,0.3137254901960784,0.0
20704,3,29,0.1034482758620689,1,9.0,9.0,50,14,0,0.28,0.0
233855,7,48,0.1458333333333333,3,8.0,8.0,70,15,0,0.2142857142857142,0.0
99633,44,163,0.2699386503067484,11,23.0,4.758620689655173,312,72,0,0.2307692307692307,0.0
40574,10,25,0.4,4,7.0,8.289473684210526,52,15,0,0.2884615384615384,0.0
14913,27,33,0.8181818181818182,1,4.0,1.6071428571428572,74,1,0,0.0135135135135135,0.0
415748,16,81,0.1975308641975308,6,6.0,3.312883435582822,122,31,0,0.2540983606557377,0.0
8566,0,4,0.0,0,0.0,0.0,11,4,0,0.3636363636363636,0.0
448038,0,5,0.0,0,0.0,0.0,14,5,0,0.3571428571428571,0.0
8752,1,6,0.1666666666666666,0,1.0,2.4324324324324325,26,11,0,0.4230769230769231,0.0
247150,8,23,0.3478260869565217,0,6.0,6.0,43,10,1,0.2325581395348837,0.0232558139534883
20512,19,50,0.38,3,12.0,8.78048780487805,109,33,0,0.3027522935779816,0.0
137143,14,36,0.3888888888888889,4,11.0,11.0,63,17,0,0.2698412698412698,0.0
22686,1,10,0.1,0,2.0,3.103448275862069,30,10,0,0.3333333333333333,0.0
21235,0,6,0.0,0,0.0,0.0,12,1,0,0.0833333333333333,0.0
37959,3,14,0.2142857142857142,1,7.0,7.682926829268292,46,27,0,0.5869565217391305,0.0
337732,1,9,0.1111111111111111,0,2.0,6.0,41,15,0,0.3658536585365853,0.0
448215,5,18,0.2777777777777778,2,2.0,5.625,39,7,0,0.1794871794871795,0.0
15813,12,65,0.1846153846153846,5,10.0,8.108108108108107,101,15,0,0.1485148514851485,0.0
433100,20,106,0.1886792452830188,2,7.0,3.5,146,27,0,0.184931506849315,0.0
391603,3,34,0.088235294117647,0,3.0,5.869565217391305,49,10,0,0.2040816326530612,0.0
472194,5,7,0.7142857142857143,2,0.0,0.0,10,0,0,0.0,0.0
26093,4,47,0.0851063829787234,2,1.0,0.8999999999999999,83,25,0,0.3012048192771084,0.0
470517,7,24,0.2916666666666667,4,10.0,10.588235294117649,72,17,0,0.2361111111111111,0.0
25444,13,76,0.1710526315789473,4,17.0,4.526627218934912,260,85,0,0.3269230769230769,0.0
472126,27,136,0.1985294117647058,14,16.0,5.161290322580645,247,76,0,0.3076923076923077,0.0
408052,51,76,0.6710526315789473,7,11.0,2.75,168,33,0,0.1964285714285714,0.0
229119,8,36,0.2222222222222222,3,14.0,13.846153846153848,89,22,0,0.247191011235955,0.0
426704,0,6,0.0,0,1.0,6.428571428571429,14,4,0,0.2857142857142857,0.0
286381,10,34,0.2941176470588235,3,15.0,15.0,72,26,0,0.3611111111111111,0.0
70171,2,16,0.125,0,3.0,8.181818181818182,27,4,0,0.1481481481481481,0.0
139295,5,14,0.3571428571428571,1,0.0,0.0,35,10,0,0.2857142857142857,0.0
248632,0,14,0.0,0,1.0,3.2142857142857144,29,9,1,0.3103448275862069,0.0344827586206896
